Rack,Row,Column,Pair ID,Date,month.clutch,month,clutch.age,clutch.ID,M.A,Fed1.0,M.mouth,M.fan,M.bite,M.chase,M.tend,M.prop.tend,M.F
A,1,2,A12,13-Oct,1,4,1,1,A,-0.5,19,0,0,0,7.77615,0.51841,0
A,1,2,A12,16-Oct,1,4,4,1,A,-0.5,27,0,0,0,10.3939,0.692926667,0
A,1,2,A12,19-Oct,1,4,7,1,A,-0.5,20,25,0,0,12.52418333,0.834945556,0
A,2,1,A21,10-Oct,1,4,1,2,A,-0.5,22,0,0,0,3.812383333,0.254158889,0
A,2,1,A21,13-Oct,1,4,4,2,A,-0.5,4,0,0,0,1.194916667,0.079661111,0
A,2,1,A21,16-Oct,1,4,7,2,A,-0.5,10,0,0,0,2.465716667,0.164381111,0
B,3,4,B34,14-Oct,1,4,1,3,A,-0.5,26,0,0,0,5.963533333,0.397568889,0
B,3,4,B34,17-Oct,1,4,4,3,A,-0.5,26,0,0,0,5.633083333,0.375538889,0
B,3,4,B34,20-Oct,1,4,7,3,A,-0.5,17,13,0,0,9.347883333,0.623192222,0
C,1,3,C13,18-Oct,1,4,1,4,A,-0.5,31,0,0,0,6.05425,0.403616667,0
C,1,3,C13,21-Oct,1,4,4,4,A,-0.5,35,0,0,0,9.773416667,0.651561111,0
C,1,3,C13,24-Oct,1,4,7,4,A,-0.5,30,31,0,0,12.13733333,0.809155556,0
D,1,3,D13,7-Oct,1,4,1,5,A,-0.5,17,0,0,0,10.73935,0.715956667,0
D,1,3,D13,10-Oct,1,4,4,5,A,-0.5,9,0,0,0,6.459933333,0.430662222,0
D,1,3,D13,13-Oct,1,4,7,5,A,-0.5,24,0,0,0,10.11475,0.674316667,0
D,2,5,D25,26-Sep,1,4,1,6,A,-0.5,59,5,0,0,10.35116667,0.690077778,0
D,2,5,D25,29-Sep,1,4,4,6,A,-0.5,31,39,0,1,12.39071667,0.826047778,0
D,2,5,D25,2-Oct,1,4,7,6,A,-0.5,21,60,0,0,12.68681667,0.845787778,0
D,2,5,D25,13-Oct,2,4,1,7,A,-0.5,52,6,0,0,11.20446667,0.746964444,0
D,2,5,D25,16-Oct,2,4,4,7,A,-0.5,64,5,0,0,13.15885,0.877256667,0
D,2,5,D25,19-Oct,2,4,7,7,A,-0.5,40,74,0,0,14.93231667,0.995487778,0
A,1,2,A12,28-Nov,1,6,1,8,A,-0.5,78,0,0,0,12.79235,0.852823333,0
A,1,2,A12,30-Nov,1,6,4,8,A,-0.5,38,3,0,0,10.37248333,0.691498889,0
A,1,2,A12,3-Dec,1,6,7,8,A,-0.5,29,37,0,0,11.6898,0.77932,0
A,2,1,A21,4-Dec,1,6,1,9,A,-0.5,16,0,0,0,5.8829,0.392193333,0
A,2,1,A21,7-Dec,1,6,4,9,A,-0.5,19,0,0,0,4.057166667,0.270477778,0
A,2,1,A21,10-Dec,1,6,7,9,A,-0.5,52,35,0,0,10.90386667,0.726924444,0
B,3,3,B33,26-Nov,1,6,1,10,A,-0.5,26,0,0,0,10.09605,0.67307,0
B,3,3,B33,29-Nov,1,6,4,10,A,-0.5,16,0,0,0,7.093883333,0.472925556,0
B,3,3,B33,2-Dec,1,6,7,10,A,-0.5,34,58,0,0,13.43556667,0.895704444,0
C,1,3,C13,16-Dec,1,6,1,11,A,-0.5,15,0,0,0,2.096033333,0.139735556,0
C,1,3,C13,19-Dec,1,6,4,11,A,-0.5,14,0,0,0,2.632633333,0.175508889,0
C,1,3,C13,22-Dec,1,6,7,11,A,-0.5,42,17,0,0,9.789466667,0.652631111,0
D,1,3,D13,28-Nov,1,6,1,12,A,-0.5,40,0,0,0,11.61253333,0.774168889,0
D,1,3,D13,1-Dec,1,6,4,12,A,-0.5,10,0,0,0,10.16276667,0.677517778,0
D,1,3,D13,4-Dec,1,6,7,12,A,-0.5,20,9,0,0,11.45068333,0.763378889,0
D,2,5,D25,28-Nov,1,6,1,13,A,-0.5,NA,NA,NA,NA,NA,NA,0
D,2,5,D25,1-Dec,1,6,4,13,A,-0.5,47,6,0,0,11.21116667,0.747411111,0
D,2,5,D25,4-Dec,1,6,7,13,A,-0.5,53,19,0,0,10.84406667,0.722937778,0
A,1,2,A12,16-Dec,2,6,1,14,A,-0.5,31,0,0,0,7.92735,0.52849,0
A,1,2,A12,19-Dec,2,6,4,14,A,-0.5,43,1,0,0,12.56291667,0.837527778,0
A,1,2,A12,22-Dec,2,6,7,14,A,-0.5,29,42,0,0,14.42428333,0.961618889,0
A,1,3,A13,28-Jan,1,8,2,15,A,-0.5,41,0,0,0,9.344216667,0.622947778,0
A,1,3,A13,30-Jan,1,8,4,15,A,-0.5,47,3,0,0,11.77345,0.784896667,0
A,1,3,A13,2-Feb,1,8,7,15,A,-0.5,57,21,0,0,14.81688333,0.987792222,0
A,2,4,A24,28-Jan,1,8,1,16,A,-0.5,24,0,0,0,11.17721667,0.745147778,0
A,2,4,A24,31-Jan,1,8,4,16,A,-0.5,42,0,0,0,13.01878333,0.867918889,0
A,2,4,A24,3-Feb,1,8,7,16,A,-0.5,55,23,0,0,13.4444,0.896293333,0
C,2,3,C23,26-Jan,1,8,1,17,A,-0.5,NA,NA,NA,NA,NA,NA,0
C,2,3,C23,29-Jan,1,8,4,17,A,-0.5,38,0,0,0,14.88296667,0.992197778,0
C,2,3,C23,1-Feb,1,8,7,17,A,-0.5,50,46,0,0,12.60866667,0.840577778,0
C,2,3,C23,8-Feb,2,8,1,18,A,-0.5,16,0,0,0,5.32605,0.35507,0
C,2,3,C23,11-Feb,2,8,4,18,A,-0.5,20,0,0,0,8.993166667,0.599544444,0
C,2,3,C23,14-Feb,2,8,7,18,A,-0.5,54,9,0,0,14.41541667,0.961027778,0
A,1,3,A13,12-Apr,1,10,1,19,A,-0.5,21,0,0,0,5.438883333,0.362592222,0
A,1,3,A13,15-Apr,1,10,4,19,A,-0.5,16,0,0,0,3.076066667,0.205071111,0
A,1,3,A13,18-Apr,1,10,7,19,A,-0.5,76,3,0,0,12.9192,0.86128,0
A,2,4,A24,2-Apr,1,10,1,20,A,-0.5,19,0,0,0,5.3014,0.353426667,0
A,2,4,A24,5-Apr,1,10,4,20,A,-0.5,36,6,0,0,9.561016667,0.637401111,0
A,2,4,A24,8-Apr,1,10,7,20,A,-0.5,28,65,0,0,11.95038333,0.796692222,0
A,3,3,A33,21-Mar,1,10,1,21,A,-0.5,35,0,0,0,6.54175,0.436116667,0
A,3,3,A33,24-Mar,1,10,4,21,A,-0.5,43,9,0,0,8.15205,0.54347,0
A,3,3,A33,27-Mar,1,10,7,21,A,-0.5,24,64,0,0,11.15858333,0.743905556,0
B,1,3,B13,10-Apr,1,10,1,22,A,-0.5,28,0,0,0,6.169216667,0.411281111,0
B,1,3,B13,13-Apr,1,10,4,22,A,-0.5,29,0,0,0,3.918866667,0.261257778,0
B,1,3,B13,16-Apr,1,10,7,22,A,-0.5,42,10,0,0,7.045766667,0.469717778,0
C,2,3,C23,25-Mar,1,10,1,23,A,-0.5,18,0,0,0,5.387033333,0.359135556,0
C,2,3,C23,28-Mar,1,10,4,23,A,-0.5,61,2,0,0,11.90803333,0.793868889,0
C,2,3,C23,31-Mar,1,10,7,23,A,-0.5,22,25,0,0,8.198716667,0.546581111,0
C,2,5,C25,31-Mar,1,10,1,24,A,-0.5,16,0,0,0,4.429,0.295266667,0
C,2,5,C25,3-Apr,1,10,4,24,A,-0.5,17,0,0,0,4.0435,0.269566667,0
C,2,5,C25,6-Apr,1,10,7,24,A,-0.5,15,14,0,0,4.57245,0.30483,0
C,3,4,C34,23-Mar,1,10,1,25,A,-0.5,25,0,0,0,9.562366667,0.637491111,0
C,3,4,C34,26-Mar,1,10,4,25,A,-0.5,31,0,0,0,11.09638333,0.739758889,0
C,3,4,C34,29-Mar,1,10,7,25,A,-0.5,38,9,0,0,10.15273333,0.676848889,0
D,1,2,D12,21-Mar,1,10,1,26,A,-0.5,29,0,0,0,10.74278333,0.716185556,0
D,1,2,D12,24-Mar,1,10,4,26,A,-0.5,27,8,0,0,13.29778333,0.886518889,0
D,1,2,D12,27-Mar,1,10,7,26,A,-0.5,9,49,0,0,14.1163,0.941086667,0
D,2,4,D24,25-Mar,1,10,1,27,A,-0.5,49,2,0,0,10.18388333,0.678925556,0
D,2,4,D24,28-Mar,1,10,4,27,A,-0.5,27,16,0,0,13.51731667,0.901154444,0
D,2,4,D24,31-Mar,1,10,7,27,A,-0.5,35,63,0,0,13.92801667,0.928534444,0
A,2,4,A24,16-Apr,2,10,1,28,A,-0.5,19,0,0,0,4.9537,0.330246667,0
A,2,4,A24,19-Apr,2,10,4,28,A,-0.5,19,0,0,0,5.46245,0.364163333,0
A,2,4,A24,22-Apr,2,10,7,28,A,-0.5,43,27,0,0,11.54245,0.769496667,0
A,3,3,A33,13-Apr,2,10,1,29,A,-0.5,50,3,0,0,8.211883333,0.547458889,0
A,3,3,A33,16-Apr,2,10,4,29,A,-0.5,35,5,0,0,5.797316667,0.386487778,0
A,3,3,A33,19-Apr,2,10,7,29,A,-0.5,54,66,0,0,12.92041667,0.861361111,0
C,2,3,C23,8-Apr,2,10,1,30,A,-0.5,22,0,0,0,8.20905,0.54727,0
C,2,3,C23,11-Apr,2,10,4,30,A,-0.5,42,0,0,0,12.50795,0.833863333,0
C,2,3,C23,14-Apr,2,10,7,30,A,-0.5,28,58,0,0,12.80898333,0.853932222,0
C,2,5,C25,17-Apr,2,10,1,31,A,-0.5,19,0,0,0,4.736116667,0.315741111,0
C,2,5,C25,20-Apr,2,10,4,31,A,-0.5,15,1,0,0,3.058,0.203866667,0
C,2,5,C25,23-Apr,2,10,7,31,A,-0.5,19,42,0,0,9.15995,0.610663333,0
C,3,4,C34,10-Apr,2,10,1,32,A,-0.5,40,0,0,0,10.70486667,0.713657778,0
C,3,4,C34,13-Apr,2,10,4,32,A,-0.5,34,0,0,0,9.368183333,0.624545556,0
C,3,4,C34,16-Apr,2,10,7,32,A,-0.5,39,57,0,0,14.72495,0.981663333,0
D,1,2,D12,6-Apr,2,10,1,33,A,-0.5,44,2,0,0,12.30843333,0.820562222,0
D,1,2,D12,9-Apr,2,10,4,33,A,-0.5,15,29,0,0,8.9765,0.598433333,0
D,1,2,D12,12-Apr,2,10,7,33,A,-0.5,14,64,0,0,12.91465,0.860976667,0
D,2,4,D24,16-Apr,2,10,1,34,A,-0.5,39,7,0,0,13.21283333,0.880855556,0
D,2,4,D24,19-Apr,2,10,4,34,A,-0.5,31,5,0,0,11.59413333,0.772942222,0
D,2,4,D24,22-Apr,2,10,7,34,A,-0.5,54,41,0,0,14.857,0.990466667,0
A,1,3,A13,24-May,1,12,1,35,A,-0.5,24,0,0,0,3.3658,0.224386667,0
A,1,3,A13,27-May,1,12,4,35,A,-0.5,35,0,0,0,5.80875,0.38725,0
A,1,3,A13,30-May,1,12,7,35,A,-0.5,72,14,0,0,13.89906667,0.926604444,0
A,2,4,A24,11-Jun,1,12,1,36,A,-0.5,NA,NA,NA,NA,NA,NA,0
A,2,4,A24,14-Jun,1,12,4,36,A,-0.5,15,0,0,0,4.358866667,0.290591111,0
A,2,4,A24,17-Jun,1,12,7,36,A,-0.5,48,28,0,0,12.68741667,0.845827778,0
A,3,3,A33,21-May,1,12,1,37,A,-0.5,42,0,0,0,6.381783333,0.425452222,0
A,3,3,A33,24-May,1,12,4,37,A,-0.5,47,0,0,0,7.199833333,0.479988889,0
A,3,3,A33,27-May,1,12,7,37,A,-0.5,32,52,0,0,11.13141667,0.742094444,0
B,1,3,B13,22-May,1,12,1,38,A,-0.5,29,0,0,0,4.427633333,0.295175556,0
B,1,3,B13,25-May,1,12,4,38,A,-0.5,36,0,0,0,8.745133333,0.583008889,0
B,1,3,B13,28-May,1,12,7,38,A,-0.5,60,45,0,0,11.2549,0.750326667,0
B,3,2,B32,29-May,1,12,1,39,A,-0.5,46,0,0,0,13.41243333,0.894162222,0
B,3,2,B32,1-Jun,1,12,4,39,A,-0.5,28,1,0,0,7.497183333,0.499812222,0
B,3,2,B32,4-Jun,1,12,7,39,A,-0.5,105,38,0,0,14.55818333,0.970545556,0
C,2,3,C23,26-May,1,12,1,40,A,-0.5,20,0,0,0,14.30768333,0.953845556,0
C,2,3,C23,29-May,1,12,4,40,A,-0.5,31,0,0,0,10.36846667,0.691231111,0
C,2,3,C23,1-Jun,1,12,7,40,A,-0.5,43,4,0,0,13.11535,0.874356667,0
C,2,5,C25,27-May,1,12,1,41,A,-0.5,10,0,0,0,3.39095,0.226063333,0
C,2,5,C25,30-May,1,12,4,41,A,-0.5,35,10,0,0,7.301833333,0.486788889,0
C,2,5,C25,2-Jun,1,12,7,41,A,-0.5,56,14,0,0,12.97935,0.86529,0
C,3,4,C34,19-May,1,12,1,42,A,-0.5,25,0,0,0,8.881216667,0.592081111,0
C,3,4,C34,22-May,1,12,4,42,A,-0.5,34,0,0,0,10.44311667,0.696207778,0
C,3,4,C34,25-May,1,12,7,42,A,-0.5,25,22,0,0,14.80178333,0.986785556,0
D,1,2,D12,19-May,1,12,1,43,A,-0.5,30,5,0,0,12.43425,0.82895,0
D,1,2,D12,22-May,1,12,4,43,A,-0.5,39,8,0,0,11.99821667,0.799881111,0
D,1,2,D12,25-May,1,12,7,43,A,-0.5,51,40,0,0,14.72056667,0.981371111,0
D,2,4,D24,8-Jun,1,12,1,44,A,-0.5,38,0,0,0,11.31176667,0.754117778,0
D,2,4,D24,11-Jun,1,12,4,44,A,-0.5,64,2,0,0,14.84036667,0.989357778,0
D,2,4,D24,14-Jun,1,12,7,44,A,-0.5,65,8,0,0,13.73836667,0.915891111,0
A,1,3,A13,8-Jun,2,12,1,45,A,-0.5,54,0,0,0,7.309133333,0.487275556,0
A,1,3,A13,11-Jun,2,12,4,45,A,-0.5,37,0,0,0,6.650066667,0.443337778,0
A,1,3,A13,14-Jun,2,12,7,45,A,-0.5,85,4,0,0,13.50105,0.90007,0
A,3,3,A33,8-Jun,2,12,1,46,A,-0.5,45,0,0,0,8.279133333,0.551942222,0
A,3,3,A33,11-Jun,2,12,4,46,A,-0.5,54,1,0,0,8.849533333,0.589968889,0
A,3,3,A33,14-Jun,2,12,7,46,A,-0.5,58,27,0,0,12.34013333,0.822675556,0
B,1,3,B13,5-Jun,2,12,1,47,A,-0.5,37,0,0,0,4.521566667,0.301437778,0
B,1,3,B13,8-Jun,2,12,4,47,A,-0.5,46,0,0,0,6.301383333,0.420092222,0
B,1,3,B13,11-Jun,2,12,7,47,A,-0.5,58,22,0,0,11.68973333,0.779315556,0
B,3,2,B32,9-Jun,2,12,1,48,A,-0.5,43,5,0,0,14.80998333,0.987332222,0
B,3,2,B32,12-Jun,2,12,4,48,A,-0.5,58,0,0,0,14.35968333,0.957312222,0
B,3,2,B32,15-Jun,2,12,7,48,A,-0.5,104,12,0,0,14.74943333,0.983295556,0
C,2,3,C23,12-Jun,2,12,1,49,A,-0.5,22,0,0,0,5.861333333,0.390755556,0
C,2,3,C23,15-Jun,2,12,4,49,A,-0.5,24,0,0,0,5.800916667,0.386727778,0
C,2,3,C23,18-Jun,2,12,7,49,A,-0.5,51,1,0,0,9.510483333,0.634032222,0
C,3,4,C34,8-Jun,2,12,1,50,A,-0.5,32,0,0,0,8.680633333,0.578708889,0
C,3,4,C34,11-Jun,2,12,4,50,A,-0.5,25,0,0,0,9.986416667,0.665761111,0
C,3,4,C34,14-Jun,2,12,7,50,A,-0.5,34,2,0,0,12.91101667,0.860734444,0
D,1,2,D12,2-Jun,2,12,1,51,A,-0.5,33,0,0,0,13.39095,0.89273,0
D,1,2,D12,5-Jun,2,12,4,51,A,-0.5,24,2,0,0,10.93585,0.729056667,0
D,1,2,D12,8-Jun,2,12,7,51,A,-0.5,24,58,0,0,14.84013333,0.989342222,0
A,1,2,A12,13-Oct,1,4,1,1,A,-0.5,9,0,0,0,3.340466667,0.222697778,1
A,1,2,A12,16-Oct,1,4,4,1,A,-0.5,1,0,0,0,0.8873,0.059153333,1
A,1,2,A12,19-Oct,1,4,7,1,A,-0.5,1,0,0,0,1.67705,0.111803333,1
A,2,1,A21,10-Oct,1,4,1,2,A,-0.5,2,0,0,0,0.384516667,0.025634444,1
A,2,1,A21,13-Oct,1,4,4,2,A,-0.5,2,0,0,0,1.564216667,0.104281111,1
A,2,1,A21,16-Oct,1,4,7,2,A,-0.5,0,0,0,0,0.670016667,0.044667778,1
B,3,4,B34,14-Oct,1,4,1,3,A,-0.5,3,0,0,0,2.681516667,0.178767778,1
B,3,4,B34,17-Oct,1,4,4,3,A,-0.5,1,0,0,0,1.580866667,0.105391111,1
B,3,4,B34,20-Oct,1,4,7,3,A,-0.5,0,0,0,0,3.694483333,0.246298889,1
C,1,3,C13,18-Oct,1,4,1,4,A,-0.5,5,0,0,0,0.741866667,0.049457778,1
C,1,3,C13,21-Oct,1,4,4,4,A,-0.5,1,0,0,0,0.41535,0.02769,1
C,1,3,C13,24-Oct,1,4,7,4,A,-0.5,2,0,0,0,0.388933333,0.025928889,1
D,1,3,D13,7-Oct,1,4,1,5,A,-0.5,0,0,0,0,5.468216667,0.364547778,1
D,1,3,D13,10-Oct,1,4,4,5,A,-0.5,3,0,0,0,5.977866667,0.398524444,1
D,1,3,D13,13-Oct,1,4,7,5,A,-0.5,2,0,0,0,8.4773,0.565153333,1
D,2,5,D25,26-Sep,1,4,1,6,A,-0.5,0,0,0,0,0.120683333,0.008045556,1
D,2,5,D25,29-Sep,1,4,4,6,A,-0.5,0,0,0,0,0.099883333,0.006658889,1
D,2,5,D25,2-Oct,1,4,7,6,A,-0.5,1,0,0,0,0.378366667,0.025224444,1
D,2,5,D25,13-Oct,2,4,1,7,A,-0.5,3,0,0,0,0.784933333,0.052328889,1
D,2,5,D25,16-Oct,2,4,4,7,A,-0.5,0,0,0,0,0.660383333,0.044025556,1
D,2,5,D25,19-Oct,2,4,7,7,A,-0.5,1,0,0,0,0.161466667,0.010764444,1
A,1,2,A12,28-Nov,1,6,1,8,A,-0.5,8,0,0,0,2.7267,0.18178,1
A,1,2,A12,30-Nov,1,6,4,8,A,-0.5,1,0,0,0,1.613883333,0.107592222,1
A,1,2,A12,3-Dec,1,6,7,8,A,-0.5,1,0,0,0,1.303483333,0.086898889,1
A,2,1,A21,4-Dec,1,6,1,9,A,-0.5,1,0,0,0,3.816216667,0.254414444,1
A,2,1,A21,7-Dec,1,6,4,9,A,-0.5,3,0,0,0,2.93075,0.195383333,1
A,2,1,A21,10-Dec,1,6,7,9,A,-0.5,0,0,0,0,2.572533333,0.171502222,1
B,3,3,B33,26-Nov,1,6,1,10,A,-0.5,2,0,0,0,0.2636,0.017573333,1
B,3,3,B33,29-Nov,1,6,4,10,A,-0.5,0,0,0,0,0,0,1
B,3,3,B33,2-Dec,1,6,7,10,A,-0.5,0,0,0,0,0.069883333,0.004658889,1
C,1,3,C13,16-Dec,1,6,1,11,A,-0.5,1,0,0,0,0.359166667,0.023944444,1
C,1,3,C13,19-Dec,1,6,4,11,A,-0.5,2,0,0,0,0.444433333,0.029628889,1
C,1,3,C13,22-Dec,1,6,7,11,A,-0.5,0,0,0,0,0.235866667,0.015724444,1
D,1,3,D13,28-Nov,1,6,1,12,A,-0.5,3,0,0,0,2.374,0.158266667,1
D,1,3,D13,1-Dec,1,6,4,12,A,-0.5,0,0,0,1,3.129483333,0.208632222,1
D,1,3,D13,4-Dec,1,6,7,12,A,-0.5,6,0,0,0,4.823466667,0.321564444,1
D,2,5,D25,28-Nov,1,6,1,13,A,-0.5,NA,NA,NA,NA,NA,NA,1
D,2,5,D25,1-Dec,1,6,4,13,A,-0.5,0,0,0,0,1.54355,0.102903333,1
D,2,5,D25,4-Dec,1,6,7,13,A,-0.5,0,0,0,0,0.19135,0.012756667,1
A,1,2,A12,16-Dec,2,6,1,14,A,-0.5,3,0,0,0,0.95445,0.06363,1
A,1,2,A12,19-Dec,2,6,4,14,A,-0.5,2,0,0,0,3.28425,0.21895,1
A,1,2,A12,22-Dec,2,6,7,14,A,-0.5,0,0,0,0,0.580483333,0.038698889,1
A,1,3,A13,28-Jan,1,8,2,15,A,-0.5,0,0,0,0,0,0,1
A,1,3,A13,30-Jan,1,8,4,15,A,-0.5,1,0,0,0,0.244683333,0.016312222,1
A,1,3,A13,2-Feb,1,8,7,15,A,-0.5,0,0,0,0,0.21615,0.01441,1
A,2,4,A24,28-Jan,1,8,1,16,A,-0.5,4,0,0,0,0.87145,0.058096667,1
A,2,4,A24,31-Jan,1,8,4,16,A,-0.5,1,0,0,0,0.476016667,0.031734444,1
A,2,4,A24,3-Feb,1,8,7,16,A,-0.5,0,0,0,0,1.0169,0.067793333,1
C,2,3,C23,26-Jan,1,8,1,17,A,-0.5,NA,NA,NA,NA,NA,NA,1
C,2,3,C23,29-Jan,1,8,4,17,A,-0.5,1,0,0,0,9.540633333,0.636042222,1
C,2,3,C23,1-Feb,1,8,7,17,A,-0.5,4,0,0,0,1.8398,0.122653333,1
C,2,3,C23,8-Feb,2,8,1,18,A,-0.5,3,0,0,0,0.549183333,0.036612222,1
C,2,3,C23,11-Feb,2,8,4,18,A,-0.5,0,0,0,0,0.637983333,0.042532222,1
C,2,3,C23,14-Feb,2,8,7,18,A,-0.5,0,0,0,0,2.7024,0.18016,1
A,1,3,A13,12-Apr,1,10,1,19,A,-0.5,10,0,0,0,2.184416667,0.145627778,1
A,1,3,A13,15-Apr,1,10,4,19,A,-0.5,4,0,0,0,0.42895,0.028596667,1
A,1,3,A13,18-Apr,1,10,7,19,A,-0.5,0,0,0,0,0.40145,0.026763333,1
A,2,4,A24,2-Apr,1,10,1,20,A,-0.5,2,0,0,0,0.3037,0.020246667,1
A,2,4,A24,5-Apr,1,10,4,20,A,-0.5,1,0,0,0,0.491366667,0.032757778,1
A,2,4,A24,8-Apr,1,10,7,20,A,-0.5,2,0,0,0,1.567783333,0.104518889,1
A,3,3,A33,21-Mar,1,10,1,21,A,-0.5,2,0,0,2,0.310266667,0.020684444,1
A,3,3,A33,24-Mar,1,10,4,21,A,-0.5,0,0,0,0,0.040666667,0.002711111,1
A,3,3,A33,27-Mar,1,10,7,21,A,-0.5,13,0,0,0,1.559583333,0.103972222,1
B,1,3,B13,10-Apr,1,10,1,22,A,-0.5,6,0,0,0,2.155966667,0.143731111,1
B,1,3,B13,13-Apr,1,10,4,22,A,-0.5,7,0,0,1,2.406183333,0.160412222,1
B,1,3,B13,16-Apr,1,10,7,22,A,-0.5,5,0,1,3,2.473433333,0.164895556,1
C,2,3,C23,25-Mar,1,10,1,23,A,-0.5,6,0,0,0,1.201766667,0.080117778,1
C,2,3,C23,28-Mar,1,10,4,23,A,-0.5,2,0,1,1,5.064116667,0.337607778,1
C,2,3,C23,31-Mar,1,10,7,23,A,-0.5,3,0,0,0,0.983183333,0.065545556,1
C,2,5,C25,31-Mar,1,10,1,24,A,-0.5,1,0,0,0,0.729983333,0.048665556,1
C,2,5,C25,3-Apr,1,10,4,24,A,-0.5,2,0,0,0,0.89975,0.059983333,1
C,2,5,C25,6-Apr,1,10,7,24,A,-0.5,0,0,1,3,0.324133333,0.021608889,1
C,3,4,C34,23-Mar,1,10,1,25,A,-0.5,2,0,0,0,0.415716667,0.027714444,1
C,3,4,C34,26-Mar,1,10,4,25,A,-0.5,2,0,0,0,0.2544,0.01696,1
C,3,4,C34,29-Mar,1,10,7,25,A,-0.5,2,0,0,2,0.381633333,0.025442222,1
D,1,2,D12,21-Mar,1,10,1,26,A,-0.5,3,0,0,1,0.779166667,0.051944444,1
D,1,2,D12,24-Mar,1,10,4,26,A,-0.5,0,0,0,1,4.015133333,0.267675556,1
D,1,2,D12,27-Mar,1,10,7,26,A,-0.5,0,0,0,2,0.11885,0.007923333,1
D,2,4,D24,25-Mar,1,10,1,27,A,-0.5,3,0,0,0,1.899083333,0.126605556,1
D,2,4,D24,28-Mar,1,10,4,27,A,-0.5,0,0,0,0,5.313083333,0.354205556,1
D,2,4,D24,31-Mar,1,10,7,27,A,-0.5,0,0,0,0,3.23995,0.215996667,1
A,2,4,A24,16-Apr,2,10,1,28,A,-0.5,2,0,0,0,0.354833333,0.023655556,1
A,2,4,A24,19-Apr,2,10,4,28,A,-0.5,0,0,0,0,0.216683333,0.014445556,1
A,2,4,A24,22-Apr,2,10,7,28,A,-0.5,1,0,0,0,1.76485,0.117656667,1
A,3,3,A33,13-Apr,2,10,1,29,A,-0.5,6,0,0,1,0.833483333,0.055565556,1
A,3,3,A33,16-Apr,2,10,4,29,A,-0.5,5,0,0,0,0.588116667,0.039207778,1
A,3,3,A33,19-Apr,2,10,7,29,A,-0.5,15,0,0,0,1.625383333,0.108358889,1
C,2,3,C23,8-Apr,2,10,1,30,A,-0.5,7,0,0,0,3.7792,0.251946667,1
C,2,3,C23,11-Apr,2,10,4,30,A,-0.5,2,0,0,0,3.22745,0.215163333,1
C,2,3,C23,14-Apr,2,10,7,30,A,-0.5,4,0,0,0,2.114716667,0.140981111,1
C,2,5,C25,17-Apr,2,10,1,31,A,-0.5,2,0,0,0,1.5969,0.10646,1
C,2,5,C25,20-Apr,2,10,4,31,A,-0.5,0,0,0,1,0.295733333,0.019715556,1
C,2,5,C25,23-Apr,2,10,7,31,A,-0.5,1,0,0,0,2.836083333,0.189072222,1
C,3,4,C34,10-Apr,2,10,1,32,A,-0.5,4,0,0,0,0.60985,0.040656667,1
C,3,4,C34,13-Apr,2,10,4,32,A,-0.5,0,0,0,0,0.329816667,0.021987778,1
C,3,4,C34,16-Apr,2,10,7,32,A,-0.5,0,0,0,0,0.166,0.011066667,1
D,1,2,D12,6-Apr,2,10,1,33,A,-0.5,0,0,1,4,4.347416667,0.289827778,1
D,1,2,D12,9-Apr,2,10,4,33,A,-0.5,0,0,1,10,3.666133333,0.244408889,1
D,1,2,D12,12-Apr,2,10,7,33,A,-0.5,0,0,0,4,1.475216667,0.098347778,1
D,2,4,D24,16-Apr,2,10,1,34,A,-0.5,0,0,0,4,4.081016667,0.272067778,1
D,2,4,D24,19-Apr,2,10,4,34,A,-0.5,0,0,0,0,1.753716667,0.116914444,1
D,2,4,D24,22-Apr,2,10,7,34,A,-0.5,0,0,0,0,5.157616667,0.343841111,1
A,1,3,A13,24-May,1,12,1,35,A,-0.5,4,0,0,0,0.5954,0.039693333,1
A,1,3,A13,27-May,1,12,4,35,A,-0.5,0,0,0,0,0.791066667,0.052737778,1
A,1,3,A13,30-May,1,12,7,35,A,-0.5,1,0,0,0,0.140783333,0.009385556,1
A,2,4,A24,11-Jun,1,12,1,36,A,-0.5,NA,NA,NA,NA,NA,NA,1
A,2,4,A24,14-Jun,1,12,4,36,A,-0.5,3,0,0,0,0.678866667,0.045257778,1
A,2,4,A24,17-Jun,1,12,7,36,A,-0.5,0,0,0,0,0.553266667,0.036884444,1
A,3,3,A33,21-May,1,12,1,37,A,-0.5,3,0,0,0,0.435866667,0.029057778,1
A,3,3,A33,24-May,1,12,4,37,A,-0.5,1,0,0,0,0.208016667,0.013867778,1
A,3,3,A33,27-May,1,12,7,37,A,-0.5,9,0,0,1,0.978116667,0.065207778,1
B,1,3,B13,22-May,1,12,1,38,A,-0.5,5,0,0,0,1.4222,0.094813333,1
B,1,3,B13,25-May,1,12,4,38,A,-0.5,1,0,0,0,4.5309,0.30206,1
B,1,3,B13,28-May,1,12,7,38,A,-0.5,0,0,0,0,2.438433333,0.162562222,1
B,3,2,B32,29-May,1,12,1,39,A,-0.5,3,0,0,0,0.617633333,0.041175556,1
B,3,2,B32,1-Jun,1,12,4,39,A,-0.5,4,0,0,0,0.469566667,0.031304444,1
B,3,2,B32,4-Jun,1,12,7,39,A,-0.5,14,0,0,0,2.663083333,0.177538889,1
C,2,3,C23,26-May,1,12,1,40,A,-0.5,3,0,0,0,10.00371667,0.666914444,1
C,2,3,C23,29-May,1,12,4,40,A,-0.5,4,0,0,0,1.527466667,0.101831111,1
C,2,3,C23,1-Jun,1,12,7,40,A,-0.5,3,0,0,0,4.4895,0.2993,1
C,2,5,C25,27-May,1,12,1,41,A,-0.5,3,0,0,0,0.7398,0.04932,1
C,2,5,C25,30-May,1,12,4,41,A,-0.5,2,0,0,0,0.976133333,0.065075556,1
C,2,5,C25,2-Jun,1,12,7,41,A,-0.5,0,0,0,0,0.467116667,0.031141111,1
C,3,4,C34,19-May,1,12,1,42,A,-0.5,1,0,0,1,0.119716667,0.007981111,1
C,3,4,C34,22-May,1,12,4,42,A,-0.5,2,0,0,0,0.184233333,0.012282222,1
C,3,4,C34,25-May,1,12,7,42,A,-0.5,0,0,0,0,0.066416667,0.004427778,1
D,1,2,D12,19-May,1,12,1,43,A,-0.5,2,0,0,4,5.064766667,0.337651111,1
D,1,2,D12,22-May,1,12,4,43,A,-0.5,0,0,0,1,2.414833333,0.160988889,1
D,1,2,D12,25-May,1,12,7,43,A,-0.5,1,0,0,2,5.456133333,0.363742222,1
D,2,4,D24,8-Jun,1,12,1,44,A,-0.5,4,0,0,0,3.226716667,0.215114444,1
D,2,4,D24,11-Jun,1,12,4,44,A,-0.5,0,0,0,0,4.97395,0.331596667,1
D,2,4,D24,14-Jun,1,12,7,44,A,-0.5,0,0,0,0,1.584866667,0.105657778,1
A,1,3,A13,8-Jun,2,12,1,45,A,-0.5,4,0,0,0,0.9793,0.065286667,1
A,1,3,A13,11-Jun,2,12,4,45,A,-0.5,3,0,0,0,0.653133333,0.043542222,1
A,1,3,A13,14-Jun,2,12,7,45,A,-0.5,0,0,0,0,0.549066667,0.036604444,1
A,3,3,A33,8-Jun,2,12,1,46,A,-0.5,9,0,0,0,1.3012,0.086746667,1
A,3,3,A33,11-Jun,2,12,4,46,A,-0.5,6,0,0,0,0.578383333,0.038558889,1
A,3,3,A33,14-Jun,2,12,7,46,A,-0.5,48,0,2,3,9.298133333,0.619875556,1
B,1,3,B13,5-Jun,2,12,1,47,A,-0.5,6,0,0,0,1.7572,0.117146667,1
B,1,3,B13,8-Jun,2,12,4,47,A,-0.5,5,0,0,0,1.8494,0.123293333,1
B,1,3,B13,11-Jun,2,12,7,47,A,-0.5,3,0,0,0,3.209233333,0.213948889,1
B,3,2,B32,9-Jun,2,12,1,48,A,-0.5,0,0,0,0,0,0,1
B,3,2,B32,12-Jun,2,12,4,48,A,-0.5,1,0,0,0,0.194383333,0.012958889,1
B,3,2,B32,15-Jun,2,12,7,48,A,-0.5,16,0,0,0,4.0746,0.27164,1
C,2,3,C23,12-Jun,2,12,1,49,A,-0.5,8,0,0,0,2.279466667,0.151964444,1
C,2,3,C23,15-Jun,2,12,4,49,A,-0.5,3,0,0,0,1.689466667,0.112631111,1
C,2,3,C23,18-Jun,2,12,7,49,A,-0.5,4,0,0,0,2.977683333,0.198512222,1
C,3,4,C34,8-Jun,2,12,1,50,A,-0.5,4,0,0,0,0.5164,0.034426667,1
C,3,4,C34,11-Jun,2,12,4,50,A,-0.5,0,0,0,0,0.037833333,0.002522222,1
C,3,4,C34,14-Jun,2,12,7,50,A,-0.5,1,0,0,0,0.045983333,0.003065556,1
D,1,2,D12,2-Jun,2,12,1,51,A,-0.5,3,0,0,0,5.118716667,0.341247778,1
D,1,2,D12,5-Jun,2,12,4,51,A,-0.5,2,0,0,0,3.394766667,0.226317778,1
D,1,2,D12,8-Jun,2,12,7,51,A,-0.5,1,0,0,1,4.70835,0.31389,1
A,1,3,A13,08/09/14,1,2,1,52,A,0.5,13,0,0,0,4.354016667,0.290267778,0
A,1,3,A13,08/12/14,1,2,4,52,A,0.5,29,22,0,0,12.95225,0.863483333,0
A,1,3,A13,08/15/14,1,2,7,52,A,0.5,37,69,0,0,14.76021667,0.984014444,0
A,2,4,A24,07/30/14,1,2,1,53,A,0.5,27,0,0,0,11.76973333,0.784648889,0
A,2,4,A24,08/02/14,1,2,4,53,A,0.5,24,8,0,0,12.83735,0.855823333,0
A,2,4,A24,08/05/14,1,2,7,53,A,0.5,18,56,0,0,14.4547,0.963646667,0
A,3,3,A33,08/15/14,1,2,1,54,A,0.5,29,0,0,0,9.511216667,0.634081111,0
A,3,3,A33,08/18/14,1,2,4,54,A,0.5,29,15,0,0,8.443466667,0.562897778,0
A,3,3,A33,08/21/14,1,2,7,54,A,0.5,17,46,0,0,10.19755,0.679836667,0
B,1,3,B13,08/20/14,1,2,1,55,A,0.5,27,0,0,0,9.364533333,0.624302222,0
B,1,3,B13,08/23/14,1,2,4,55,A,0.5,62,0,0,0,10.41288333,0.694192222,0
B,1,3,B13,08/26/14,1,2,7,55,A,0.5,45,37,0,0,10.71058333,0.714038889,0
B,3,2,B32,08/09/14,1,2,1,56,A,0.5,23,0,0,0,10.6457,0.709713333,0
B,3,2,B32,08/12/14,1,2,4,56,A,0.5,26,7,0,0,13.97341667,0.931561111,0
B,3,2,B32,08/15/14,1,2,7,56,A,0.5,24,61,0,1,14.52246667,0.968164444,0
C,3,4,C34,08/03/14,1,2,1,57,A,0.5,43,0,0,0,8.144833333,0.542988889,0
C,3,4,C34,08/06/14,1,2,4,57,A,0.5,26,13,0,0,10.71123333,0.714082222,0
C,3,4,C34,08/09/14,1,2,7,57,A,0.5,24,55,0,0,14.98605,0.99907,0
C,3,4,C34,08/19/14,1,2,1,58,A,0.5,27,0,0,0,6.6695,0.444633333,0
C,3,4,C34,08/22/14,1,2,4,58,A,0.5,30,5,0,0,11.3167,0.754446667,0
C,3,4,C34,08/25/14,1,2,7,58,A,0.5,22,62,0,0,14.52556667,0.968371111,0
D,1,2,D12,08/04/14,1,2,1,59,A,0.5,17,28,0,0,14.3732,0.958213333,0
D,1,2,D12,08/07/14,1,2,4,59,A,0.5,1,26,0,0,7.526866667,0.501791111,0
D,1,2,D12,08/10/14,1,2,7,59,A,0.5,5,49,0,0,13.778,0.918533333,0
A,1,3,A13,5-Oct,1,4,1,60,A,0.5,27,0,0,0,6.647366667,0.443157778,0
A,1,3,A13,8-Oct,1,4,4,60,A,0.5,28,11,0,0,9.861983333,0.657465556,0
A,1,3,A13,11-Oct,1,4,7,60,A,0.5,57,49,0,0,14.63908333,0.975938889,0
A,2,4,A24,2-Oct,1,4,1,61,A,0.5,35,0,0,0,13.37845,0.891896667,0
A,2,4,A24,5-Oct,1,4,4,61,A,0.5,32,38,0,0,12.42868333,0.828578889,0
A,2,4,A24,8-Oct,1,4,7,61,A,0.5,25,62,0,0,12.68395,0.845596667,0
A,3,3,A33,7-Oct,1,4,1,62,A,0.5,27,0,0,0,6.261416667,0.417427778,0
A,3,3,A33,10-Oct,1,4,4,62,A,0.5,NA,NA,NA,NA,NA,NA,0
A,3,3,A33,13-Oct,1,4,7,62,A,0.5,21,45,0,0,9.103633333,0.606908889,0
B,1,3,B13,7-Oct,1,4,1,63,A,0.5,26,0,0,0,5.596033333,0.373068889,0
B,1,3,B13,10-Oct,1,4,4,63,A,0.5,47,1,0,0,7.652583333,0.510172222,0
B,1,3,B13,13-Oct,1,4,7,63,A,0.5,58,55,0,0,13.03626667,0.869084444,0
B,3,2,B32,6-Oct,1,4,1,64,A,0.5,45,6,0,0,12.88771667,0.859181111,0
B,3,2,B32,9-Oct,1,4,4,64,A,0.5,29,34,0,0,13.48938333,0.899292222,0
B,3,2,B32,12-Oct,1,4,7,64,A,0.5,24,68,0,0,14.72358333,0.981572222,0
C,2,3,C23,26-Sep,1,4,1,65,A,0.5,30,0,0,0,12.68131667,0.845421111,0
C,2,3,C23,29-Sep,1,4,4,65,A,0.5,46,0,0,0,14.32038333,0.954692222,0
C,2,3,C23,2-Oct,1,4,7,65,A,0.5,22,64,0,0,14.98538333,0.999025556,0
C,2,5,C25,27-Sep,1,4,1,66,A,0.5,3,0,0,0,4.47605,0.298403333,0
C,2,5,C25,30-Sep,1,4,4,66,A,0.5,8,0,0,0,1.799016667,0.119934444,0
C,2,5,C25,3-Oct,1,4,7,66,A,0.5,14,0,0,0,2.93195,0.195463333,0
C,3,4,C34,2-Oct,1,4,1,67,A,0.5,33,0,0,0,9.161633333,0.610775556,0
C,3,4,C34,5-Oct,1,4,4,67,A,0.5,22,27,0,0,10.5145,0.700966667,0
C,3,4,C34,8-Oct,1,4,7,67,A,0.5,28,58,0,0,14.91543333,0.994362222,0
D,1,2,D12,6-Oct,1,4,1,68,A,0.5,36,1,0,0,10.57995,0.968371111,0
D,1,2,D12,9-Oct,1,4,4,68,A,0.5,26,31,0,0,10.5371,0.702473333,0
D,1,2,D12,12-Oct,1,4,7,68,A,0.5,22,62,0,0,12.33086667,0.822057778,0
D,1,2,D12,20-Oct,1,4,1,69,A,0.5,23,7,0,0,14.24273333,0.949515556,0
D,1,2,D12,23-Oct,1,4,4,69,A,0.5,5,37,0,0,14.09588333,0.939725556,0
D,1,2,D12,26-Oct,1,4,7,69,A,0.5,4,76,0,0,13.616,0.907733333,0
D,2,4,D24,27-Sep,1,4,1,70,A,0.5,42,15,0,0,10.21418333,0.680945556,0
D,2,4,D24,30-Sep,1,4,4,70,A,0.5,23,12,0,0,8.308733333,0.553915556,0
D,2,4,D24,3-Oct,1,4,7,70,A,0.5,36,51,0,0,13.61261667,0.907507778,0
A,1,3,A13,17-Oct,2,4,1,71,A,0.5,36,0,0,0,8.921566667,0.594771111,0
A,1,3,A13,20-Oct,2,4,4,71,A,0.5,21,1,0,0,9.7945,0.652966667,0
A,1,3,A13,23-Oct,2,4,7,71,A,0.5,23,58,0,0,13.95315,0.93021,0
A,2,4,A24,15-Oct,2,4,1,72,A,0.5,26,0,0,0,10.03991667,0.669327778,0
A,2,4,A24,18-Oct,2,4,4,72,A,0.5,41,2,0,0,9.924383333,0.661625556,0
A,2,4,A24,21-Oct,2,4,7,72,A,0.5,30,67,0,0,14.75631667,0.983754444,0
A,3,3,A33,21-Oct,2,4,1,73,A,0.5,32,0,0,0,5.133233333,0.342215556,0
A,3,3,A33,24-Oct,2,4,4,73,A,0.5,27,13,0,0,4.972833333,0.331522222,0
A,3,3,A33,27-Oct,2,4,7,73,A,0.5,12,64,0,0,12.84681667,0.856454444,0
B,1,3,B13,21-Oct,2,4,1,74,A,0.5,25,0,0,0,7.413166667,0.494211111,0
B,1,3,B13,24-Oct,2,4,4,74,A,0.5,36,0,0,0,6.175683333,0.411712222,0
B,1,3,B13,27-Oct,2,4,7,74,A,0.5,29,56,0,0,14.61275,0.974183333,0
B,3,2,B32,17-Oct,2,4,1,75,A,0.5,NA,NA,NA,NA,NA,NA,0
B,3,2,B32,20-Oct,2,4,4,75,A,0.5,21,44,0,0,12.90121667,0.860081111,0
B,3,2,B32,23-Oct,2,4,7,75,A,0.5,28,68,0,0,14.91313333,0.994208889,0
C,2,3,C23,13-Oct,2,4,1,76,A,0.5,41,0,0,0,14.88875,0.992583333,0
C,2,3,C23,16-Oct,2,4,4,76,A,0.5,57,0,0,0,14.99568333,0.999712222,0
C,2,3,C23,19-Oct,2,4,7,76,A,0.5,27,53,0,0,14.96596667,0.997731111,0
C,2,5,C25,18-Oct,2,4,1,77,A,0.5,38,0,0,0,9.582016667,0.638801111,0
C,2,5,C25,21-Oct,2,4,4,77,A,0.5,32,4,0,0,8.334783333,0.555652222,0
C,2,5,C25,24-Oct,2,4,7,77,A,0.5,18,12,0,0,5.405916667,0.360394444,0
C,3,4,C34,14-Oct,2,4,1,78,A,0.5,36,0,0,0,12.65558333,0.843705556,0
C,3,4,C34,17-Oct,2,4,4,78,A,0.5,38,2,0,0,11.44183333,0.762788889,0
C,3,4,C34,20-Oct,2,4,7,78,A,0.5,21,52,0,0,14.92428333,0.994952222,0
D,2,4,D24,10-Oct,2,4,1,79,A,0.5,32,8,0,0,8.724366667,0.581624444,0
D,2,4,D24,13-Oct,2,4,4,79,A,0.5,28,8,0,0,11.4458,0.763053333,0
D,2,4,D24,16-Oct,2,4,7,79,A,0.5,24,64,0,0,14.41238333,0.960825556,0
D,2,4,D24,21-Oct,3,4,1,80,A,0.5,25,1,0,0,14.33948333,0.955965556,0
D,2,4,D24,24-Oct,3,4,4,80,A,0.5,15,15,0,0,11.84105,0.789403333,0
D,2,4,D24,27-Oct,3,4,7,80,A,0.5,18,47,0,0,14.7475,0.983166667,0
A,1,3,A13,25-Nov,1,6,1,81,A,0.5,42,0,0,0,11.4006,0.76004,0
A,1,3,A13,28-Nov,1,6,4,81,A,0.5,56,4,0,0,12.82838333,0.855225556,0
A,1,3,A13,1-Dec,1,6,7,81,A,0.5,56,53,0,0,14.667,0.9778,0
A,2,4,A24,2-Dec,1,6,1,82,A,0.5,34,0,0,0,13.29686667,0.886457778,0
A,2,4,A24,5-Dec,1,6,4,82,A,0.5,65,21,0,0,13.60885,0.907256667,0
A,2,4,A24,8-Dec,1,6,7,82,A,0.5,57,63,0,0,13.5102,0.90068,0
A,3,3,A33,30-Nov,1,6,1,83,A,0.5,36,5,0,0,6.16745,0.411163333,0
A,3,3,A33,3-Dec,1,6,4,83,A,0.5,42,15,0,0,7.743716667,0.516247778,0
A,3,3,A33,6-Dec,1,6,7,83,A,0.5,36,56,0,0,11.62506667,0.775004444,0
B,1,3,B13,23-Nov,1,6,1,84,A,0.5,30,0,0,0,7.30835,0.487223333,0
B,1,3,B13,26-Nov,1,6,4,84,A,0.5,31,0,0,0,8.102283333,0.540152222,0
B,1,3,B13,29-Nov,1,6,7,84,A,0.5,59,58,0,0,14.63031667,0.975354444,0
B,3,2,B32,3-Dec,1,6,1,85,A,0.5,26,8,0,0,11.28618333,0.752412222,0
B,3,2,B32,6-Dec,1,6,4,85,A,0.5,26,8,0,0,11.28618333,0.752412222,0
B,3,2,B32,9-Dec,1,6,7,85,A,0.5,33,72,0,0,14.50455,0.96697,0
C,2,3,C23,25-Nov,1,6,1,86,A,0.5,60,0,0,0,14.75886667,0.983924444,0
C,2,3,C23,28-Nov,1,6,4,86,A,0.5,47,1,0,0,13.86156667,0.924104444,0
C,2,3,C23,1-Dec,1,6,7,86,A,0.5,40,48,0,0,14.42923333,0.961948889,0
C,2,5,C25,29-Nov,1,6,1,87,A,0.5,23,0,0,0,10.44753333,0.696502222,0
C,2,5,C25,2-Dec,1,6,4,87,A,0.5,22,0,0,0,7.20495,0.48033,0
C,2,5,C25,5-Dec,1,6,7,87,A,0.5,26,29,0,0,8.3605,0.557366667,0
C,3,4,C34,6-Dec,1,6,1,88,A,0.5,36,0,0,0,11.66531667,0.777687778,0
C,3,4,C34,9-Dec,1,6,4,88,A,0.5,27,3,0,0,11.82936667,0.788624444,0
C,3,4,C34,12-Dec,1,6,7,88,A,0.5,42,62,0,0,14.52508333,0.968338889,0
D,1,2,D12,4-Dec,1,6,1,89,A,0.5,27,0,0,0,14.49383333,0.966255556,0
D,1,2,D12,7-Dec,1,6,4,89,A,0.5,14,1,0,0,9.413766667,0.627584444,0
D,1,2,D12,10-Dec,1,6,7,89,A,0.5,13,43,0,0,12.38475,0.82565,0
D,2,4,D24,3-Dec,1,6,1,90,A,0.5,21,0,0,0,11.2624,0.750826667,0
D,2,4,D24,6-Dec,1,6,4,90,A,0.5,30,1,0,0,11.69246667,0.779497778,0
D,2,4,D24,9-Dec,1,6,7,90,A,0.5,45,30,0,0,13.69886667,0.913257778,0
A,1,3,A13,8-Dec,2,6,1,91,A,0.5,44,0,0,0,12.99868333,0.866578889,0
A,1,3,A13,11-Dec,2,6,4,91,A,0.5,29,1,0,0,10.26028333,0.684018889,0
A,1,3,A13,14-Dec,2,6,7,91,A,0.5,72,44,0,0,14.0803,0.938686667,0
A,2,4,A24,14-Dec,2,6,1,92,A,0.5,40,0,0,0,10.50953333,0.700635556,0
A,2,4,A24,17-Dec,2,6,4,92,A,0.5,47,30,0,0,13.40683333,0.893788889,0
A,2,4,A24,20-Dec,2,6,7,92,A,0.5,51,50,0,0,10.97221667,0.731481111,0
B,1,3,B13,9-Dec,2,6,1,93,A,0.5,35,0,0,0,7.333566667,0.488904444,0
B,1,3,B13,12-Dec,2,6,4,93,A,0.5,42,0,0,0,8.40555,0.56037,0
B,1,3,B13,15-Dec,2,6,7,93,A,0.5,48,60,0,0,14.89211667,0.992807778,0
B,3,2,B32,14-Dec,2,6,1,94,A,0.5,38,18,0,0,14.44025,0.962683333,0
B,3,2,B32,17-Dec,2,6,4,94,A,0.5,36,49,0,0,14.82923333,0.988615556,0
B,3,2,B32,20-Dec,2,6,7,94,A,0.5,43,56,0,0,14.8465,0.989766667,0
B,3,3,B33,11-Dec,2,6,1,95,A,0.5,28,0,0,0,12.5134,0.834226667,0
B,3,3,B33,14-Dec,2,6,4,95,A,0.5,30,0,0,0,8.73665,0.582443333,0
B,3,3,B33,17-Dec,2,6,7,95,A,0.5,36,49,0,0,14.72388333,0.981592222,0
C,2,3,C23,8-Dec,2,6,1,96,A,0.5,26,0,0,0,10.41928333,0.694618889,0
C,2,3,C23,11-Dec,2,6,4,96,A,0.5,58,1,0,0,14.48441667,0.965627778,0
C,2,3,C23,14-Dec,2,6,7,96,A,0.5,56,24,0,0,14.40983333,0.960655556,0
D,2,4,D24,17-Dec,2,6,1,97,A,0.5,24,0,0,0,13.07768333,0.871845556,0
D,2,4,D24,20-Dec,2,6,4,97,A,0.5,39,0,0,0,11.3116,0.754106667,0
D,2,4,D24,23-Dec,2,6,7,97,A,0.5,42,33,0,0,14.61498333,0.974332222,0
A,1,2,A12,23-Jan,1,8,1,98,A,0.5,23,0,0,0,8.7097,0.580646667,0
A,1,2,A12,26-Jan,1,8,4,98,A,0.5,36,0,0,0,10.63318333,0.708878889,0
A,1,2,A12,29-Jan,1,8,7,98,A,0.5,32,25,0,0,14.3158,0.954386667,0
A,2,1,A21,23-Jan,1,8,1,99,A,0.5,16,0,0,0,3.202416667,0.213494444,0
A,2,1,A21,26-Jan,1,8,4,99,A,0.5,29,0,0,0,5.004866667,0.333657778,0
A,2,1,A21,29-Jan,1,8,7,99,A,0.5,43,22,0,0,9.860016667,0.657334444,0
B,2,3,B23,1-Feb,1,8,1,100,A,0.5,28,0,0,0,6.979416667,0.465294444,0
B,2,3,B23,4-Feb,1,8,4,100,A,0.5,28,0,0,0,5.959883333,0.397325556,0
B,2,3,B23,7-Feb,1,8,7,100,A,0.5,9,61,0,0,11.68961667,0.779307778,0
B,3,3,B33,28-Jan,1,8,1,101,A,0.5,47,0,0,0,12.97213333,0.864808889,0
B,3,3,B33,31-Jan,1,8,4,101,A,0.5,54,12,0,0,13.97531667,0.931687778,0
B,3,3,B33,3-Feb,1,8,7,101,A,0.5,50,75,0,0,14.21243333,0.947495556,0
B,3,4,B34,3-Feb,1,8,1,102,A,0.5,39,1,0,0,10.0476,0.66984,0
B,3,4,B34,6-Feb,1,8,4,102,A,0.5,23,3,0,0,9.117116667,0.607807778,0
B,3,4,B34,9-Feb,1,8,7,102,A,0.5,16,74,0,0,13.28366667,0.885577778,0
C,1,1,C11,14-Feb,1,8,1,103,A,0.5,NA,NA,NA,NA,NA,NA,0
C,1,1,C11,17-Feb,1,8,4,103,A,0.5,38,13,0,0,5.6331,0.37554,0
C,1,1,C11,20-Feb,1,8,7,103,A,0.5,35,66,0,0,11.70476667,0.780317778,0
C,1,3,C13,28-Jan,1,8,2,104,A,0.5,16,0,0,0,2.283533333,0.152235556,0
C,1,3,C13,30-Jan,1,8,4,104,A,0.5,10,0,0,0,2.518433333,0.167895556,0
C,1,3,C13,2-Feb,1,8,7,104,A,0.5,58,25,0,0,10.13133333,0.675422222,0
C,2,1,C21,28-Jan,1,8,2,105,A,0.5,35,3,0,0,10.49968333,0.699978889,0
C,2,1,C21,30-Jan,1,8,4,105,A,0.5,30,12,0,0,9.981933333,0.665462222,0
C,2,1,C21,2-Feb,1,8,7,105,A,0.5,18,54,0,0,11.98773333,0.799182222,0
D,1,3,D13,30-Jan,1,8,1,106,A,0.5,15,0,0,0,9.505483333,0.633698889,0
D,1,3,D13,2-Feb,1,8,4,106,A,0.5,12,0,0,0,10.29483333,0.686322222,0
D,1,3,D13,5-Feb,1,8,7,106,A,0.5,24,1,0,0,9.809216667,0.653947778,0
D,2,5,D25,2-Feb,1,8,1,107,A,0.5,58,1,0,0,12.8277,0.85518,0
D,2,5,D25,5-Feb,1,8,4,107,A,0.5,50,7,0,0,10.95126667,0.730084444,0
D,2,5,D25,8-Feb,1,8,7,107,A,0.5,73,64,0,0,14.67913333,0.978608889,0
A,2,1,A21,17-Feb,2,8,1,108,A,0.5,27,0,0,0,4.4254,0.295026667,0
A,2,1,A21,20-Feb,2,8,4,108,A,0.5,34,1,0,0,7.03155,0.46877,0
A,2,1,A21,23-Feb,2,8,7,108,A,0.5,26,5,0,0,5.707216667,0.380481111,0
B,3,3,B33,13-Feb,2,8,1,109,A,0.5,47,0,0,0,11.98595,0.799063333,0
B,3,3,B33,16-Feb,2,8,4,109,A,0.5,64,22,0,0,14.34753333,0.956502222,0
B,3,3,B33,19-Feb,2,8,7,109,A,0.5,58,77,0,0,14.82906667,0.988604444,0
C,1,3,C13,13-Feb,2,8,1,110,A,0.5,28,0,0,0,5.652016667,0.376801111,0
C,1,3,C13,16-Feb,2,8,4,110,A,0.5,25,0,0,0,6.466216667,0.431081111,0
C,1,3,C13,19-Feb,2,8,7,110,A,0.5,50,5,0,0,10.96306667,0.730871111,0
C,2,1,C21,11-Feb,2,8,1,111,A,0.5,39,0,0,0,12.42741667,0.828494444,0
C,2,1,C21,14-Feb,2,8,4,111,A,0.5,27,24,0,0,9.63115,0.642076667,0
C,2,1,C21,17-Feb,2,8,7,111,A,0.5,22,71,0,0,12.8068,0.853786667,0
A,1,2,A12,22-Mar,1,10,1,112,A,0.5,45,0,0,0,10.04633333,0.669755556,0
A,1,2,A12,25-Mar,1,10,4,112,A,0.5,63,0,0,0,12.8415,0.8561,0
A,1,2,A12,28-Mar,1,10,7,112,A,0.5,30,61,0,0,14.2224,0.94816,0
A,2,1,A21,31-Mar,1,10,1,113,A,0.5,33,0,0,0,8.508383333,0.567225556,0
A,2,1,A21,3-Apr,1,10,4,113,A,0.5,53,0,0,0,10.36083333,0.690722222,0
A,2,1,A21,6-Apr,1,10,7,113,A,0.5,41,43,0,0,10.04608333,0.669738889,0
B,2,3,B23,23-Mar,1,10,1,114,A,0.5,20,0,0,0,7.541666667,0.502777778,0
B,2,3,B23,26-Mar,1,10,4,114,A,0.5,33,0,0,0,5.967016667,0.397801111,0
B,2,3,B23,29-Mar,1,10,7,114,A,0.5,41,5,0,0,9.18815,0.612543333,0
B,3,3,B33,26-Mar,1,10,1,115,A,0.5,43,0,0,0,12.2248,0.814986667,0
B,3,3,B33,29-Mar,1,10,4,115,A,0.5,52,0,0,0,13.83733333,0.922488889,0
B,3,3,B33,1-Apr,1,10,7,115,A,0.5,36,16,0,0,11.70196667,0.780131111,0
B,3,4,B34,25-Mar,1,10,1,116,A,0.5,30,0,0,0,6.134583333,0.408972222,0
B,3,4,B34,28-Mar,1,10,4,116,A,0.5,22,13,0,0,9.919566667,0.661304444,0
B,3,4,B34,31-Mar,1,10,7,116,A,0.5,18,39,0,0,10.76355,0.71757,0
C,1,1,C11,29-Mar,1,10,1,117,A,0.5,9,0,0,0,6.590133333,0.439342222,0
C,1,1,C11,1-Apr,1,10,4,117,A,0.5,29,0,0,0,3.784716667,0.252314444,0
C,1,1,C11,4-Apr,1,10,7,117,A,0.5,39,17,0,0,9.919883333,0.661325556,0
C,1,3,C13,29-Mar,1,10,1,118,A,0.5,16,0,0,0,4.466183333,0.297745556,0
C,1,3,C13,1-Apr,1,10,4,118,A,0.5,17,0,0,0,3.643516667,0.242901111,0
C,1,3,C13,4-Apr,1,10,7,118,A,0.5,17,0,0,0,2.6873,0.179153333,0
C,2,1,C21,25-Mar,1,10,1,119,A,0.5,29,0,0,0,7.328083333,0.488538889,0
C,2,1,C21,28-Mar,1,10,4,119,A,0.5,49,0,0,0,7.697366667,0.513157778,0
C,2,1,C21,31-Mar,1,10,7,119,A,0.5,58,17,0,0,13.13446667,0.875631111,0
D,1,3,D13,26-Mar,1,10,1,120,A,0.5,17,0,0,0,5.8741,0.391606667,0
D,1,3,D13,29-Mar,1,10,4,120,A,0.5,16,0,0,0,5.703966667,0.380264444,0
D,1,3,D13,1-Apr,1,10,7,120,A,0.5,22,2,0,0,8.120383333,0.541358889,0
D,2,5,D25,24-Mar,1,10,1,121,A,0.5,52,1,0,0,12.24425,0.816283333,0
D,2,5,D25,27-Mar,1,10,4,121,A,0.5,23,15,0,0,12.82038333,0.854692222,0
D,2,5,D25,30-Mar,1,10,7,121,A,0.5,43,58,0,0,14.18583333,0.945722222,0
A,1,2,A12,2-Apr,2,10,1,122,A,0.5,49,0,0,0,7.52035,0.501356667,0
A,1,2,A12,5-Apr,2,10,4,122,A,0.5,50,2,0,0,8.593366667,0.572891111,0
A,1,2,A12,8-Apr,2,10,7,122,A,0.5,30,41,0,0,12.94095,0.86273,0
A,2,1,A21,12-Apr,2,10,1,123,A,0.5,41,0,0,0,5.468066667,0.364537778,0
A,2,1,A21,15-Apr,2,10,4,123,A,0.5,57,26,0,0,9.2028,0.61352,0
A,2,1,A21,18-Apr,2,10,7,123,A,0.5,39,84,0,0,11.19346667,0.746231111,0
B,2,3,B23,7-Apr,2,10,1,124,A,0.5,42,0,0,0,7.055816667,0.470387778,0
B,2,3,B23,10-Apr,2,10,4,124,A,0.5,36,0,0,0,5.6,0.373333333,0
B,2,3,B23,13-Apr,2,10,7,124,A,0.5,21,45,0,0,8.720783333,0.581385556,0
B,3,3,B33,8-Apr,2,10,1,125,A,0.5,37,0,0,0,9.239833333,0.615988889,0
B,3,3,B33,11-Apr,2,10,4,125,A,0.5,71,13,0,0,12.03438333,0.802292222,0
B,3,3,B33,14-Apr,2,10,7,125,A,0.5,47,84,0,0,14.67466667,0.978311111,0
B,3,4,B34,7-Apr,2,10,1,126,A,0.5,39,8,0,0,8.8294,0.588626667,0
B,3,4,B34,10-Apr,2,10,4,126,A,0.5,24,49,0,0,11.38901667,0.759267778,0
B,3,4,B34,13-Apr,2,10,7,126,A,0.5,12,40,0,0,7.64705,0.509803333,0
C,1,1,C11,12-Apr,2,10,1,127,A,0.5,46,0,0,0,8.4068,0.560453333,0
C,1,1,C11,15-Apr,2,10,4,127,A,0.5,37,3,0,0,6.431666667,0.428777778,0
C,1,1,C11,18-Apr,2,10,7,127,A,0.5,41,81,0,0,11.50893333,0.767262222,0
C,1,3,C13,11-Apr,2,10,1,128,A,0.5,26,0,0,0,5.776116667,0.385074444,0
C,1,3,C13,14-Apr,2,10,4,128,A,0.5,17,0,0,0,8.154783333,0.543652222,0
C,1,3,C13,17-Apr,2,10,7,128,A,0.5,44,6,0,0,9.899983333,0.659998889,0
C,2,1,C21,7-Apr,2,10,1,129,A,0.5,51,0,0,0,10.21298333,0.680865556,0
C,2,1,C21,10-Apr,2,10,4,129,A,0.5,37,12,0,0,9.413283333,0.627552222,0
C,2,1,C21,13-Apr,2,10,7,129,A,0.5,19,73,0,0,11.6002,0.773346667,0
D,1,3,D13,7-Apr,2,10,1,130,A,0.5,15,0,0,0,11.0551,0.737006667,0
D,1,3,D13,10-Apr,2,10,4,130,A,0.5,15,9,0,0,6.871033333,0.458068889,0
D,1,3,D13,13-Apr,2,10,7,130,A,0.5,27,16,0,0,10.71615,0.71441,0
D,2,5,D25,6-Apr,2,10,1,131,A,0.5,22,0,0,0,5.11665,0.34111,0
D,2,5,D25,9-Apr,2,10,4,131,A,0.5,41,11,0,0,11.19353333,0.746235556,0
D,2,5,D25,12-Apr,2,10,7,131,A,0.5,30,53,0,0,12.9928,0.866186667,0
A,1,2,A12,14-Apr,3,10,1,132,A,0.5,54,0,0,0,7.970366667,0.531357778,0
A,1,2,A12,17-Apr,3,10,4,132,A,0.5,55,7,0,0,10.60838333,0.707225556,0
A,1,2,A12,20-Apr,3,10,7,132,A,0.5,29,33,0,0,11.84256667,0.789504444,0
D,1,3,D13,18-Apr,3,10,1,133,A,0.5,19,0,0,0,7.457633333,0.497175556,0
D,1,3,D13,21-Apr,3,10,4,133,A,0.5,22,0,0,0,7.4951,0.499673333,0
D,1,3,D13,24-Apr,3,10,7,133,A,0.5,33,14,0,0,10.28186667,0.685457778,0
D,2,5,D25,18-Apr,3,10,1,134,A,0.5,73,3,0,0,10.92943333,0.728628889,0
D,2,5,D25,21-Apr,3,10,4,134,A,0.5,65,21,0,0,12.23563333,0.815708889,0
D,2,5,D25,24-Apr,3,10,7,134,A,0.5,58,92,0,0,13.79655,0.91977,0
A,1,2,A12,28-May,1,12,1,135,A,0.5,43,0,0,0,12.32601667,0.821734444,0
A,1,2,A12,31-May,1,12,4,135,A,0.5,52,0,0,0,10.13116667,0.675411111,0
A,1,2,A12,3-Jun,1,12,7,135,A,0.5,75,23,0,0,14.42911667,0.961941111,0
A,2,1,A21,31-May,1,12,1,136,A,0.5,34,0,0,0,7.566833333,0.504455556,0
A,2,1,A21,3-Jun,1,12,4,136,A,0.5,23,0,0,0,7.5634,0.504226667,0
A,2,1,A21,6-Jun,1,12,7,136,A,0.5,72,6,0,0,12.86335,0.857556667,0
B,2,3,B23,31-May,1,12,1,137,A,0.5,32,0,0,0,6.271716667,0.418114444,0
B,2,3,B23,3-Jun,1,12,4,137,A,0.5,34,0,0,0,6.5112,0.43408,0
B,2,3,B23,6-Jun,1,12,7,137,A,0.5,29,45,0,0,12.65275,0.843516667,0
B,3,3,B33,29-May,1,12,1,138,A,0.5,51,0,0,0,12.9987,0.86658,0
B,3,3,B33,1-Jun,1,12,4,138,A,0.5,51,0,0,0,13.20816667,0.880544444,0
B,3,3,B33,4-Jun,1,12,7,138,A,0.5,56,21,0,0,13.2279,0.88186,0
B,3,4,B34,27-May,1,12,1,139,A,0.5,15,0,0,0,2.483883333,0.165592222,0
B,3,4,B34,30-May,1,12,4,139,A,0.5,19,1,0,0,4.6777,0.311846667,0
B,3,4,B34,2-Jun,1,12,7,139,A,0.5,19,39,0,0,7.538333333,0.502555556,0
C,1,1,C11,30-May,1,12,1,140,A,0.5,39,0,0,0,5.96835,0.39789,0
C,1,1,C11,2-Jun,1,12,4,140,A,0.5,47,11,0,0,6.788016667,0.452534444,0
C,1,1,C11,5-Jun,1,12,7,140,A,0.5,58,95,0,0,12.38385,0.82559,0
C,1,3,C13,29-May,1,12,1,141,A,0.5,41,0,0,0,11.09323333,0.739548889,0
C,1,3,C13,1-Jun,1,12,4,141,A,0.5,26,0,0,0,4.56315,0.30421,0
C,1,3,C13,4-Jun,1,12,7,141,A,0.5,24,0,0,0,6.97635,0.46509,0
C,2,1,C21,25-May,1,12,1,142,A,0.5,24,0,0,0,9.646983333,0.643132222,0
C,2,1,C21,28-May,1,12,4,142,A,0.5,25,0,0,0,5.596416667,0.373094444,0
C,2,1,C21,31-May,1,12,7,142,A,0.5,21,45,0,0,8.70905,0.580603333,0
D,1,3,D13,23-May,1,12,1,143,A,0.5,23,0,0,0,11.41886667,0.761257778,0
D,1,3,D13,26-May,1,12,4,143,A,0.5,25,0,0,0,7.169583333,0.477972222,0
D,1,3,D13,29-May,1,12,7,143,A,0.5,35,25,0,0,10.18338333,0.678892222,0
D,2,5,D25,24-May,1,12,1,144,A,0.5,56,0,0,0,8.768866667,0.584591111,0
D,2,5,D25,27-May,1,12,4,144,A,0.5,59,3,0,0,12.94568333,0.863045556,0
D,2,5,D25,30-May,1,12,7,144,A,0.5,59,77,0,0,13.56561667,0.904374444,0
A,1,2,A12,8-Jun,2,12,1,145,A,0.5,42,0,0,0,10.45735,0.697156667,0
A,1,2,A12,11-Jun,2,12,4,145,A,0.5,45,0,0,0,6.69755,0.446503333,0
A,1,2,A12,14-Jun,2,12,7,145,A,0.5,56,18,0,0,13.96836667,0.931224444,0
A,2,1,A21,12-Jun,2,12,1,146,A,0.5,NA,NA,NA,NA,NA,NA,0
A,2,1,A21,15-Jun,2,12,4,146,A,0.5,39,0,0,0,7.061483333,0.470765556,0
A,2,1,A21,18-Jun,2,12,7,146,A,0.5,62,1,0,0,9.450716667,0.630047778,0
B,2,3,B23,13-Jun,2,12,1,147,A,0.5,31,1,0,0,9.403733333,0.626915556,0
B,2,3,B23,16-Jun,2,12,4,147,A,0.5,46,1,0,0,10.3301,0.688673333,0
B,2,3,B23,19-Jun,2,12,7,147,A,0.5,26,49,0,0,14.39125,0.959416667,0
B,3,3,B33,11-Jun,2,12,1,148,A,0.5,76,0,0,0,14.1189,0.94126,0
B,3,3,B33,14-Jun,2,12,4,148,A,0.5,78,0,0,0,12.64646667,0.843097778,0
B,3,3,B33,17-Jun,2,12,7,148,A,0.5,75,2,0,0,13.67228333,0.911485556,0
B,3,4,B34,9-Jun,2,12,1,149,A,0.5,20,0,0,0,4.810816667,0.320721111,0
B,3,4,B34,12-Jun,2,12,4,149,A,0.5,16,0,0,0,3.685516667,0.245701111,0
B,3,4,B34,15-Jun,2,12,7,149,A,0.5,26,40,0,0,11.2787,0.751913333,0
C,1,1,C11,11-Jun,2,12,1,150,A,0.5,60,0,0,0,7.631583333,0.508772222,0
C,1,1,C11,14-Jun,2,12,4,150,A,0.5,44,43,0,0,8.792916667,0.586194444,0
C,1,1,C11,17-Jun,2,12,7,150,A,0.5,71,58,0,0,10.53505,0.702336667,0
C,1,3,C13,10-Jun,2,12,1,151,A,0.5,45,0,0,0,9.9942,0.66628,0
C,1,3,C13,13-Jun,2,12,4,151,A,0.5,19,0,0,0,4.794033333,0.319602222,0
C,1,3,C13,16-Jun,2,12,7,151,A,0.5,56,18,0,0,13.96836667,0.931224444,0
C,2,1,C21,6-Jun,2,12,1,152,A,0.5,22,0,0,0,6.642616667,0.442841111,0
C,2,1,C21,9-Jun,2,12,4,152,A,0.5,42,2,0,0,10.53583333,0.702388889,0
C,2,1,C21,12-Jun,2,12,7,152,A,0.5,28,25,0,0,9.138766667,0.609251111,0
D,1,3,D13,3-Jun,2,12,1,153,A,0.5,28,0,0,0,8.7803,0.585353333,0
D,1,3,D13,6-Jun,2,12,4,153,A,0.5,38,0,0,0,8.170233333,0.544682222,0
D,1,3,D13,9-Jun,2,12,7,153,A,0.5,26,1,0,0,9.174233333,0.611615556,0
D,1,3,D13,14-Jun,2,12,1,154,A,0.5,31,0,0,0,7.540333333,0.502688889,0
D,1,3,D13,17-Jun,2,12,4,154,A,0.5,11,0,0,0,8.251816667,0.550121111,0
D,1,3,D13,20-Jun,2,12,7,154,A,0.5,27,0,0,0,8.073533333,0.538235556,0
D,2,5,D25,5-Jun,2,12,1,155,A,0.5,57,0,0,0,11.30286667,0.753524444,0
D,2,5,D25,8-Jun,2,12,4,155,A,0.5,83,5,0,0,14.07056667,0.938037778,0
D,2,5,D25,11-Jun,2,12,7,155,A,0.5,65,22,0,0,12.00963333,0.800642222,0
A,1,3,A13,08/09/14,1,2,1,52,A,0.5,6,0,0,0,5.064,0.3376,1
A,1,3,A13,08/12/14,1,2,4,52,A,0.5,1,0,0,1,8.239316667,0.549287778,1
A,1,3,A13,08/15/14,1,2,7,52,A,0.5,2,0,0,0,8.758166667,0.583877778,1
A,2,4,A24,07/30/14,1,2,1,53,A,0.5,3,0,0,0,1.6973,0.113153333,1
A,2,4,A24,08/02/14,1,2,4,53,A,0.5,2,0,0,0,1.681483333,0.112098889,1
A,2,4,A24,08/05/14,1,2,7,53,A,0.5,1,0,0,0,7.18745,0.479163333,1
A,3,3,A33,08/15/14,1,2,1,54,A,0.5,3,0,0,1,4.655016667,0.310334444,1
A,3,3,A33,08/18/14,1,2,4,54,A,0.5,4,0,0,2,1.93265,0.128843333,1
A,3,3,A33,08/21/14,1,2,7,54,A,0.5,3,0,0,0,1.717483333,0.114498889,1
B,1,3,B13,08/20/14,1,2,1,55,A,0.5,6,0,0,1,6.3359,0.422393333,1
B,1,3,B13,08/23/14,1,2,4,55,A,0.5,4,0,0,4,6.333933333,0.422262222,1
B,1,3,B13,08/26/14,1,2,7,55,A,0.5,4,0,0,1,2.78045,0.185363333,1
B,3,2,B32,08/09/14,1,2,1,56,A,0.5,3,0,0,0,0.500533333,0.033368889,1
B,3,2,B32,08/12/14,1,2,4,56,A,0.5,3,0,0,0,0.528316667,0.035221111,1
B,3,2,B32,08/15/14,1,2,7,56,A,0.5,2,0,0,0,1.8133,0.120886667,1
C,3,4,C34,08/03/14,1,2,1,57,A,0.5,2,0,0,1,0.528283333,0.035218889,1
C,3,4,C34,08/06/14,1,2,4,57,A,0.5,1,0,0,1,0.625716667,0.041714444,1
C,3,4,C34,08/09/14,1,2,7,57,A,0.5,0,0,0,0,0.681333333,0.045422222,1
C,3,4,C34,08/19/14,1,2,1,58,A,0.5,4,0,0,0,0.561683333,0.037445556,1
C,3,4,C34,08/22/14,1,2,4,58,A,0.5,1,0,0,0,0.440916667,0.029394444,1
C,3,4,C34,08/25/14,1,2,7,58,A,0.5,1,0,0,0,0.266716667,0.017781111,1
D,1,2,D12,08/04/14,1,2,1,59,A,0.5,0,0,0,0,13.21415,0.880943333,1
D,1,2,D12,08/07/14,1,2,4,59,A,0.5,1,0,1,1,9.452116667,0.630141111,1
D,1,2,D12,08/10/14,1,2,7,59,A,0.5,0,0,0,0,8.432166667,0.562144444,1
A,1,3,A13,5-Oct,1,4,1,60,A,0.5,6,0,0,0,1.6392,0.10928,1
A,1,3,A13,8-Oct,1,4,4,60,A,0.5,2,0,0,0,5.536566667,0.369104444,1
A,1,3,A13,11-Oct,1,4,7,60,A,0.5,1,0,0,0,3.965533333,0.264368889,1
A,2,4,A24,2-Oct,1,4,1,61,A,0.5,2,0,0,0,1.230583333,0.082038889,1
A,2,4,A24,5-Oct,1,4,4,61,A,0.5,1,0,0,0,0.693483333,0.046232222,1
A,2,4,A24,8-Oct,1,4,7,61,A,0.5,1,0,0,0,0.389866667,0.025991111,1
A,3,3,A33,7-Oct,1,4,1,62,A,0.5,2,0,0,0,0.50105,0.033403333,1
A,3,3,A33,10-Oct,1,4,4,62,A,0.5,NA,NA,NA,NA,NA,NA,1
A,3,3,A33,13-Oct,1,4,7,62,A,0.5,3,0,0,0,0.90155,0.060103333,1
B,1,3,B13,7-Oct,1,4,1,63,A,0.5,1,0,0,0,3.031883333,0.202125556,1
B,1,3,B13,10-Oct,1,4,4,63,A,0.5,7,0,0,2,3.536283333,0.235752222,1
B,1,3,B13,13-Oct,1,4,7,63,A,0.5,5,0,0,0,6.809316667,0.453954444,1
B,3,2,B32,6-Oct,1,4,1,64,A,0.5,15,0,0,0,1.722283333,0.114818889,1
B,3,2,B32,9-Oct,1,4,4,64,A,0.5,1,0,0,0,0.460166667,0.030677778,1
B,3,2,B32,12-Oct,1,4,7,64,A,0.5,7,0,0,0,0.973483333,0.064898889,1
C,2,3,C23,26-Sep,1,4,1,65,A,0.5,3,0,0,0,3.122016667,0.208134444,1
C,2,3,C23,29-Sep,1,4,4,65,A,0.5,1,0,0,2,4.936766667,0.329117778,1
C,2,3,C23,2-Oct,1,4,7,65,A,0.5,2,0,0,0,11.83965,0.78931,1
C,2,5,C25,27-Sep,1,4,1,66,A,0.5,0,0,1,3,0.242666667,0.016177778,1
C,2,5,C25,30-Sep,1,4,4,66,A,0.5,2,0,0,1,1.346683333,0.089778889,1
C,2,5,C25,3-Oct,1,4,7,66,A,0.5,3,0,0,0,0.310933333,0.020728889,1
C,3,4,C34,2-Oct,1,4,1,67,A,0.5,13,0,0,0,1.776366667,0.118424444,1
C,3,4,C34,5-Oct,1,4,4,67,A,0.5,2,0,0,0,0.274533333,0.018302222,1
C,3,4,C34,8-Oct,1,4,7,67,A,0.5,8,0,0,0,3.47515,0.231676667,1
D,1,2,D12,6-Oct,1,4,1,68,A,0.5,2,0,0,1,7.6526,0.510173333,1
D,1,2,D12,9-Oct,1,4,4,68,A,0.5,0,0,0,1,7.543266667,0.502884444,1
D,1,2,D12,12-Oct,1,4,7,68,A,0.5,2,0,0,1,4.87625,0.325083333,1
D,1,2,D12,20-Oct,1,4,1,69,A,0.5,0,0,0,0,12.468,0.8312,1
D,1,2,D12,23-Oct,1,4,4,69,A,0.5,0,0,0,0,12.55335,0.83689,1
D,1,2,D12,26-Oct,1,4,7,69,A,0.5,0,0,0,1,5.603483333,0.373565556,1
D,2,4,D24,27-Sep,1,4,1,70,A,0.5,3,0,0,0,1.87035,0.12469,1
D,2,4,D24,30-Sep,1,4,4,70,A,0.5,0,0,0,0,0.79445,0.052963333,1
D,2,4,D24,3-Oct,1,4,7,70,A,0.5,0,0,0,0,1.114766667,0.074317778,1
A,1,3,A13,17-Oct,2,4,1,71,A,0.5,16,0,0,1,2.11645,0.141096667,1
A,1,3,A13,20-Oct,2,4,4,71,A,0.5,2,0,0,0,3.110633333,0.207375556,1
A,1,3,A13,23-Oct,2,4,7,71,A,0.5,0,0,0,0,3.9436,0.262906667,1
A,2,4,A24,15-Oct,2,4,1,72,A,0.5,2,0,0,0,0.957883333,0.063858889,1
A,2,4,A24,18-Oct,2,4,4,72,A,0.5,8,0,0,0,1.86625,0.124416667,1
A,2,4,A24,21-Oct,2,4,7,72,A,0.5,1,0,0,0,1.915616667,0.127707778,1
A,3,3,A33,21-Oct,2,4,1,73,A,0.5,5,0,0,0,4.14285,0.27619,1
A,3,3,A33,24-Oct,2,4,4,73,A,0.5,10,0,0,0,3.709216667,0.247281111,1
A,3,3,A33,27-Oct,2,4,7,73,A,0.5,7,0,0,0,3.619233333,0.241282222,1
B,1,3,B13,21-Oct,2,4,1,74,A,0.5,4,0,0,0,3.312033333,0.220802222,1
B,1,3,B13,24-Oct,2,4,4,74,A,0.5,3,0,0,1,1.850483333,0.123365556,1
B,1,3,B13,27-Oct,2,4,7,74,A,0.5,4,0,0,0,4.132133333,0.275475556,1
B,3,2,B32,17-Oct,2,4,1,75,A,0.5,NA,NA,NA,NA,NA,NA,1
B,3,2,B32,20-Oct,2,4,4,75,A,0.5,5,0,0,0,0.92015,0.061343333,1
B,3,2,B32,23-Oct,2,4,7,75,A,0.5,6,1,0,0,1.092233333,0.072815556,1
C,2,3,C23,13-Oct,2,4,1,76,A,0.5,4,0,0,0,10.51673333,0.701115556,1
C,2,3,C23,16-Oct,2,4,4,76,A,0.5,1,0,0,0,12.50926667,0.833951111,1
C,2,3,C23,19-Oct,2,4,7,76,A,0.5,2,0,1,0,12.49168333,0.832778889,1
C,2,5,C25,18-Oct,2,4,1,77,A,0.5,7,0,1,0,0.94815,0.06321,1
C,2,5,C25,21-Oct,2,4,4,77,A,0.5,4,0,0,0,0.606816667,0.040454444,1
C,2,5,C25,24-Oct,2,4,7,77,A,0.5,0,0,0,0,0.132533333,0.008835556,1
C,3,4,C34,14-Oct,2,4,1,78,A,0.5,2,0,0,0,0.2897,0.019313333,1
C,3,4,C34,17-Oct,2,4,4,78,A,0.5,3,0,0,0,1.1104,0.074026667,1
C,3,4,C34,20-Oct,2,4,7,78,A,0.5,1,0,0,0,0.548366667,0.036557778,1
D,2,4,D24,10-Oct,2,4,1,79,A,0.5,2,0,0,0,1.086883333,0.072458889,1
D,2,4,D24,13-Oct,2,4,4,79,A,0.5,1,0,0,0,4.346033333,0.289735556,1
D,2,4,D24,16-Oct,2,4,7,79,A,0.5,0,0,0,0,2.912816667,0.194187778,1
D,2,4,D24,21-Oct,3,4,1,80,A,0.5,2,0,0,0,2.606233333,0.173748889,1
D,2,4,D24,24-Oct,3,4,4,80,A,0.5,0,0,0,0,3.441183333,0.229412222,1
D,2,4,D24,27-Oct,3,4,7,80,A,0.5,0,0,0,0,1.18105,0.078736667,1
A,1,3,A13,25-Nov,1,6,1,81,A,0.5,5,0,0,0,3.6964,0.246426667,1
A,1,3,A13,28-Nov,1,6,4,81,A,0.5,4,0,0,0,1.5858,0.10572,1
A,1,3,A13,1-Dec,1,6,7,81,A,0.5,5,0,0,0,1.187233333,0.079148889,1
A,2,4,A24,2-Dec,1,6,1,82,A,0.5,6,0,0,0,2.778333333,0.185222222,1
A,2,4,A24,5-Dec,1,6,4,82,A,0.5,2,0,0,0,2.39875,0.159916667,1
A,2,4,A24,8-Dec,1,6,7,82,A,0.5,2,0,0,0,3.0439,0.202926667,1
A,3,3,A33,30-Nov,1,6,1,83,A,0.5,4,0,0,0,0.54295,0.036196667,1
A,3,3,A33,3-Dec,1,6,4,83,A,0.5,0,0,0,0,0.0544,0.003626667,1
A,3,3,A33,6-Dec,1,6,7,83,A,0.5,5,0,0,0,2.6361,0.17574,1
B,1,3,B13,23-Nov,1,6,1,84,A,0.5,6,0,0,0,2.86755,0.19117,1
B,1,3,B13,26-Nov,1,6,4,84,A,0.5,0,0,0,0,1.73965,0.115976667,1
B,1,3,B13,29-Nov,1,6,7,84,A,0.5,2,0,0,0,5.639816667,0.375987778,1
B,3,2,B32,3-Dec,1,6,1,85,A,0.5,5,0,0,2,0.7168,0.047786667,1
B,3,2,B32,6-Dec,1,6,4,85,A,0.5,5,0,0,2,0.7168,0.047786667,1
B,3,2,B32,9-Dec,1,6,7,85,A,0.5,1,0,0,1,0.2,0.013333333,1
C,2,3,C23,25-Nov,1,6,1,86,A,0.5,19,0,0,1,11.61118333,0.774078889,1
C,2,3,C23,28-Nov,1,6,4,86,A,0.5,3,0,0,0,7.5375,0.5025,1
C,2,3,C23,1-Dec,1,6,7,86,A,0.5,4,0,0,0,8.958383333,0.597225556,1
C,2,5,C25,29-Nov,1,6,1,87,A,0.5,4,0,0,0,1.229233333,0.081948889,1
C,2,5,C25,2-Dec,1,6,4,87,A,0.5,4,0,1,1,1.504283333,0.100285556,1
C,2,5,C25,5-Dec,1,6,7,87,A,0.5,0,0,0,0,1.719516667,0.114634444,1
C,3,4,C34,6-Dec,1,6,1,88,A,0.5,10,0,0,0,2.612133333,0.174142222,1
C,3,4,C34,9-Dec,1,6,4,88,A,0.5,2,0,0,0,1.061083333,0.070738889,1
C,3,4,C34,12-Dec,1,6,7,88,A,0.5,0,0,0,0,1.034283333,0.068952222,1
D,1,2,D12,4-Dec,1,6,1,89,A,0.5,0,0,0,2,10.69026667,0.712684444,1
D,1,2,D12,7-Dec,1,6,4,89,A,0.5,2,0,1,2,9.43815,0.62921,1
D,1,2,D12,10-Dec,1,6,7,89,A,0.5,3,0,0,2,12.38475,0.82565,1
D,2,4,D24,3-Dec,1,6,1,90,A,0.5,8,0,0,0,3.502633333,0.233508889,1
D,2,4,D24,6-Dec,1,6,4,90,A,0.5,3,0,0,0,4.525916667,0.301727778,1
D,2,4,D24,9-Dec,1,6,7,90,A,0.5,0,0,0,0,4.787966667,0.319197778,1
A,1,3,A13,8-Dec,2,6,1,91,A,0.5,15,0,0,0,4.996433333,0.333095556,1
A,1,3,A13,11-Dec,2,6,4,91,A,0.5,3,0,0,0,2.805766667,0.187051111,1
A,1,3,A13,14-Dec,2,6,7,91,A,0.5,5,0,0,0,3.028366667,0.201891111,1
A,2,4,A24,14-Dec,2,6,1,92,A,0.5,3,0,0,0,2.277716667,0.151847778,1
A,2,4,A24,17-Dec,2,6,4,92,A,0.5,4,0,0,0,13.40683333,0.893788889,1
A,2,4,A24,20-Dec,2,6,7,92,A,0.5,24,5,0,0,8.002566667,0.533504444,1
B,1,3,B13,9-Dec,2,6,1,93,A,0.5,9,0,0,0,2.683233333,0.178882222,1
B,1,3,B13,12-Dec,2,6,4,93,A,0.5,3,0,0,0,2.418,0.1612,1
B,1,3,B13,15-Dec,2,6,7,93,A,0.5,0,0,0,0,10.61853333,0.707902222,1
B,3,2,B32,14-Dec,2,6,1,94,A,0.5,2,0,0,0,0.275733333,0.018382222,1
B,3,2,B32,17-Dec,2,6,4,94,A,0.5,1,0,0,0,0.5327,0.035513333,1
B,3,2,B32,20-Dec,2,6,7,94,A,0.5,3,0,0,0,0.465183333,0.031012222,1
B,3,3,B33,11-Dec,2,6,1,95,A,0.5,0,0,0,0,0.063466667,0.004231111,1
B,3,3,B33,14-Dec,2,6,4,95,A,0.5,1,0,0,0,0.31745,0.021163333,1
B,3,3,B33,17-Dec,2,6,7,95,A,0.5,1,0,0,0,0.353883333,0.023592222,1
C,2,3,C23,8-Dec,2,6,1,96,A,0.5,4,0,0,0,6.398166667,0.426544444,1
C,2,3,C23,11-Dec,2,6,4,96,A,0.5,3,0,0,0,11.86638333,0.791092222,1
C,2,3,C23,14-Dec,2,6,7,96,A,0.5,1,0,0,0,5.937066667,0.395804444,1
D,2,4,D24,17-Dec,2,6,1,97,A,0.5,1,0,0,0,2.404816667,0.160321111,1
D,2,4,D24,20-Dec,2,6,4,97,A,0.5,0,0,0,0,1.842516667,0.122834444,1
D,2,4,D24,23-Dec,2,6,7,97,A,0.5,0,0,0,0,3.981533333,0.265435556,1
A,1,2,A12,23-Jan,1,8,1,98,A,0.5,2,0,0,0,1.0683,0.07122,1
A,1,2,A12,26-Jan,1,8,4,98,A,0.5,1,0,0,0,0.868383333,0.057892222,1
A,1,2,A12,29-Jan,1,8,7,98,A,0.5,2,0,0,0,0.954416667,0.063627778,1
A,2,1,A21,23-Jan,1,8,1,99,A,0.5,2,0,0,1,1.596933333,0.106462222,1
A,2,1,A21,26-Jan,1,8,4,99,A,0.5,0,0,0,2,1.305233333,0.087015556,1
A,2,1,A21,29-Jan,1,8,7,99,A,0.5,0,0,0,0,2.8028,0.186853333,1
B,2,3,B23,1-Feb,1,8,1,100,A,0.5,2,0,0,2,0.37935,0.02529,1
B,2,3,B23,4-Feb,1,8,4,100,A,0.5,3,0,0,0,0.7712,0.051413333,1
B,2,3,B23,7-Feb,1,8,7,100,A,0.5,8,0,0,0,1.679933333,0.111995556,1
B,3,3,B33,28-Jan,1,8,1,101,A,0.5,1,0,0,0,0.128166667,0.008544444,1
B,3,3,B33,31-Jan,1,8,4,101,A,0.5,0,0,0,0,0.1932,0.01288,1
B,3,3,B33,3-Feb,1,8,7,101,A,0.5,1,0,0,0,0.573716667,0.038247778,1
B,3,4,B34,3-Feb,1,8,1,102,A,0.5,4,0,0,0,1.493483333,0.099565556,1
B,3,4,B34,6-Feb,1,8,4,102,A,0.5,1,0,0,0,1.820316667,0.121354444,1
B,3,4,B34,9-Feb,1,8,7,102,A,0.5,0,0,0,0,3.570716667,0.238047778,1
C,1,1,C11,14-Feb,1,8,1,103,A,0.5,NA,NA,NA,NA,NA,NA,1
C,1,1,C11,17-Feb,1,8,4,103,A,0.5,13,0,0,0,2.941216667,0.196081111,1
C,1,1,C11,20-Feb,1,8,7,103,A,0.5,6,0,0,0,1.01095,0.067396667,1
C,1,3,C13,28-Jan,1,8,2,104,A,0.5,0,0,0,1,0.078716667,0.005247778,1
C,1,3,C13,30-Jan,1,8,4,104,A,0.5,0,0,0,0,0.34505,0.023003333,1
C,1,3,C13,2-Feb,1,8,7,104,A,0.5,1,0,0,1,0.40625,0.027083333,1
C,2,1,C21,28-Jan,1,8,2,105,A,0.5,0,0,0,0,0,0,1
C,2,1,C21,30-Jan,1,8,4,105,A,0.5,1,0,0,0,1.374666667,0.091644444,1
C,2,1,C21,2-Feb,1,8,7,105,A,0.5,19,0,0,0,7.2487,0.483246667,1
D,1,3,D13,30-Jan,1,8,1,106,A,0.5,3,0,0,0,6.9446,0.462973333,1
D,1,3,D13,2-Feb,1,8,4,106,A,0.5,7,0,0,0,5.3392,0.355946667,1
D,1,3,D13,5-Feb,1,8,7,106,A,0.5,6,0,0,0,4.665933333,0.311062222,1
D,2,5,D25,2-Feb,1,8,1,107,A,0.5,1,0,0,0,0.725583333,0.048372222,1
D,2,5,D25,5-Feb,1,8,4,107,A,0.5,3,0,0,0,1.2301,0.082006667,1
D,2,5,D25,8-Feb,1,8,7,107,A,0.5,0,0,0,0,0.5392,0.035946667,1
A,2,1,A21,17-Feb,2,8,1,108,A,0.5,10,0,0,0,4.306116667,0.287074444,1
A,2,1,A21,20-Feb,2,8,4,108,A,0.5,0,0,0,0,3.252516667,0.216834444,1
A,2,1,A21,23-Feb,2,8,7,108,A,0.5,1,0,0,0,5.165166667,0.344344444,1
B,3,3,B33,13-Feb,2,8,1,109,A,0.5,2,0,0,1,0.330583333,0.022038889,1
B,3,3,B33,16-Feb,2,8,4,109,A,0.5,0,0,0,0,0.21455,0.014303333,1
B,3,3,B33,19-Feb,2,8,7,109,A,0.5,3,0,0,0,1.524933333,0.101662222,1
C,1,3,C13,13-Feb,2,8,1,110,A,0.5,9,0,0,0,0.826533333,0.055102222,1
C,1,3,C13,16-Feb,2,8,4,110,A,0.5,2,0,0,0,0.485383333,0.032358889,1
C,1,3,C13,19-Feb,2,8,7,110,A,0.5,1,0,0,0,1.125533333,0.075035556,1
C,2,1,C21,11-Feb,2,8,1,111,A,0.5,11,0,0,0,5.9446,0.396306667,1
C,2,1,C21,14-Feb,2,8,4,111,A,0.5,3,0,0,0,1.468983333,0.097932222,1
C,2,1,C21,17-Feb,2,8,7,111,A,0.5,11,0,0,0,4.764066667,0.317604444,1
A,1,2,A12,22-Mar,1,10,1,112,A,0.5,2,0,0,0,0.58795,0.039196667,1
A,1,2,A12,25-Mar,1,10,4,112,A,0.5,3,0,0,0,3.410133333,0.227342222,1
A,1,2,A12,28-Mar,1,10,7,112,A,0.5,2,0,0,0,0.843616667,0.056241111,1
A,2,1,A21,31-Mar,1,10,1,113,A,0.5,3,0,0,1,3.3427,0.222846667,1
A,2,1,A21,3-Apr,1,10,4,113,A,0.5,5,0,0,0,5.385216667,0.359014444,1
A,2,1,A21,6-Apr,1,10,7,113,A,0.5,0,0,0,0,3.77505,0.25167,1
B,2,3,B23,23-Mar,1,10,1,114,A,0.5,0,0,0,0,1.1959,0.079726667,1
B,2,3,B23,26-Mar,1,10,4,114,A,0.5,2,0,0,0,0.449716667,0.029981111,1
B,2,3,B23,29-Mar,1,10,7,114,A,0.5,1,0,0,0,0.126366667,0.008424444,1
B,3,3,B33,26-Mar,1,10,1,115,A,0.5,5,0,0,0,1.43235,0.09549,1
B,3,3,B33,29-Mar,1,10,4,115,A,0.5,6,0,0,0,8.636766667,0.575784444,1
B,3,3,B33,1-Apr,1,10,7,115,A,0.5,0,0,0,0,0.36705,0.02447,1
B,3,4,B34,25-Mar,1,10,1,116,A,0.5,4,0,0,0,2.190116667,0.146007778,1
B,3,4,B34,28-Mar,1,10,4,116,A,0.5,4,0,0,0,2.064016667,0.137601111,1
B,3,4,B34,31-Mar,1,10,7,116,A,0.5,5,0,0,0,2.988783333,0.199252222,1
C,1,1,C11,29-Mar,1,10,1,117,A,0.5,3,0,0,0,1.557066667,0.103804444,1
C,1,1,C11,1-Apr,1,10,4,117,A,0.5,20,0,0,0,4.117816667,0.274521111,1
C,1,1,C11,4-Apr,1,10,7,117,A,0.5,22,0,0,0,5.305416667,0.353694444,1
C,1,3,C13,29-Mar,1,10,1,118,A,0.5,4,0,0,3,1.093766667,0.072917778,1
C,1,3,C13,1-Apr,1,10,4,118,A,0.5,4,0,0,0,0.954866667,0.063657778,1
C,1,3,C13,4-Apr,1,10,7,118,A,0.5,9,0,0,0,1.778116667,0.118541111,1
C,2,1,C21,25-Mar,1,10,1,119,A,0.5,10,0,0,0,4.111733333,0.274115556,1
C,2,1,C21,28-Mar,1,10,4,119,A,0.5,8,0,0,1,2.248283333,0.149885556,1
C,2,1,C21,31-Mar,1,10,7,119,A,0.5,11,0,0,0,5.978216667,0.398547778,1
D,1,3,D13,26-Mar,1,10,1,120,A,0.5,5,0,0,0,3.332216667,0.222147778,1
D,1,3,D13,29-Mar,1,10,4,120,A,0.5,6,0,0,0,2.706833333,0.180455556,1
D,1,3,D13,1-Apr,1,10,7,120,A,0.5,5,0,0,0,4.30285,0.286856667,1
D,2,5,D25,24-Mar,1,10,1,121,A,0.5,0,0,0,0,0.301733333,0.020115556,1
D,2,5,D25,27-Mar,1,10,4,121,A,0.5,0,0,0,0,0.4649,0.030993333,1
D,2,5,D25,30-Mar,1,10,7,121,A,0.5,2,0,0,0,1.423433333,0.094895556,1
A,1,2,A12,2-Apr,2,10,1,122,A,0.5,3,0,0,0,0.919633333,0.061308889,1
A,1,2,A12,5-Apr,2,10,4,122,A,0.5,4,0,0,0,0.6787,0.045246667,1
A,1,2,A12,8-Apr,2,10,7,122,A,0.5,2,0,0,0,1.0927,0.072846667,1
A,2,1,A21,12-Apr,2,10,1,123,A,0.5,21,0,0,0,5.3663,0.357753333,1
A,2,1,A21,15-Apr,2,10,4,123,A,0.5,8,0,0,0,2.17725,0.14515,1
A,2,1,A21,18-Apr,2,10,7,123,A,0.5,12,0,0,0,7.24545,0.48303,1
B,2,3,B23,7-Apr,2,10,1,124,A,0.5,1,0,0,0,0.389183333,0.025945556,1
B,2,3,B23,10-Apr,2,10,4,124,A,0.5,3,0,0,0,0.653983333,0.043598889,1
B,2,3,B23,13-Apr,2,10,7,124,A,0.5,1,0,0,0,0.397,0.026466667,1
B,3,3,B33,8-Apr,2,10,1,125,A,0.5,15,0,0,0,2.132166667,0.142144444,1
B,3,3,B33,11-Apr,2,10,4,125,A,0.5,13,0,0,0,5.39665,0.359776667,1
B,3,3,B33,14-Apr,2,10,7,125,A,0.5,6,0,0,0,6.012933333,0.400862222,1
B,3,4,B34,7-Apr,2,10,1,126,A,0.5,5,0,0,0,2.635233333,0.175682222,1
B,3,4,B34,10-Apr,2,10,4,126,A,0.5,1,0,0,0,2.010483333,0.134032222,1
B,3,4,B34,13-Apr,2,10,7,126,A,0.5,3,0,0,0,1.54175,0.102783333,1
C,1,1,C11,12-Apr,2,10,1,127,A,0.5,9,0,0,2,2.030866667,0.135391111,1
C,1,1,C11,15-Apr,2,10,4,127,A,0.5,1,0,0,0,0.668816667,0.044587778,1
C,1,1,C11,18-Apr,2,10,7,127,A,0.5,6,0,0,0,1.8538,0.123586667,1
C,1,3,C13,11-Apr,2,10,1,128,A,0.5,5,0,0,1,1.725216667,0.115014444,1
C,1,3,C13,14-Apr,2,10,4,128,A,0.5,2,0,0,0,2.414666667,0.160977778,1
C,1,3,C13,17-Apr,2,10,7,128,A,0.5,14,0,0,0,3.433883333,0.228925556,1
C,2,1,C21,7-Apr,2,10,1,129,A,0.5,18,0,0,0,5.352533333,0.356835556,1
C,2,1,C21,10-Apr,2,10,4,129,A,0.5,4,0,0,0,4.0182,0.26788,1
C,2,1,C21,13-Apr,2,10,7,129,A,0.5,13,0,0,0,8.2823,0.552153333,1
D,1,3,D13,7-Apr,2,10,1,130,A,0.5,7,0,0,0,2.8236,0.18824,1
D,1,3,D13,10-Apr,2,10,4,130,A,0.5,8,0,0,0,5.4258,0.36172,1
D,1,3,D13,13-Apr,2,10,7,130,A,0.5,7,0,0,0,6.021016667,0.401401111,1
D,2,5,D25,6-Apr,2,10,1,131,A,0.5,10,0,2,0,2.115583333,0.141038889,1
D,2,5,D25,9-Apr,2,10,4,131,A,0.5,2,0,0,0,0.546266667,0.036417778,1
D,2,5,D25,12-Apr,2,10,7,131,A,0.5,2,0,0,0,0.244516667,0.016301111,1
A,1,2,A12,14-Apr,3,10,1,132,A,0.5,3,0,0,0,0.545733333,0.036382222,1
A,1,2,A12,17-Apr,3,10,4,132,A,0.5,6,0,0,0,2.6912,0.179413333,1
A,1,2,A12,20-Apr,3,10,7,132,A,0.5,5,0,0,0,1.124783333,0.074985556,1
D,1,3,D13,18-Apr,3,10,1,133,A,0.5,1,0,0,0,4.995366667,0.333024444,1
D,1,3,D13,21-Apr,3,10,4,133,A,0.5,1,0,0,0,3.18865,0.212576667,1
D,1,3,D13,24-Apr,3,10,7,133,A,0.5,8,0,0,0,6.090816667,0.406054444,1
D,2,5,D25,18-Apr,3,10,1,134,A,0.5,2,0,0,0,1.18745,0.079163333,1
D,2,5,D25,21-Apr,3,10,4,134,A,0.5,1,0,0,0,2.469216667,0.164614444,1
D,2,5,D25,24-Apr,3,10,7,134,A,0.5,0,0,0,0,10.05576667,0.670384444,1
A,1,2,A12,28-May,1,12,1,135,A,0.5,2,0,0,0,0.641133333,0.042742222,1
A,1,2,A12,31-May,1,12,4,135,A,0.5,1,0,0,0,1.025716667,0.068381111,1
A,1,2,A12,3-Jun,1,12,7,135,A,0.5,1,0,0,0,0.554133333,0.036942222,1
A,2,1,A21,31-May,1,12,1,136,A,0.5,6,0,0,0,2.5561,0.170406667,1
A,2,1,A21,3-Jun,1,12,4,136,A,0.5,18,0,0,0,7.333216667,0.488881111,1
A,2,1,A21,6-Jun,1,12,7,136,A,0.5,8,0,0,0,6.95925,0.46395,1
B,2,3,B23,31-May,1,12,1,137,A,0.5,3,0,0,0,0.495816667,0.033054444,1
B,2,3,B23,3-Jun,1,12,4,137,A,0.5,1,0,0,0,0.153116667,0.010207778,1
B,2,3,B23,6-Jun,1,12,7,137,A,0.5,2,0,0,0,0.907,0.060466667,1
B,3,3,B33,29-May,1,12,1,138,A,0.5,15,0,0,1,11.78995,0.785996667,1
B,3,3,B33,1-Jun,1,12,4,138,A,0.5,8,0,0,0,3.241933333,0.216128889,1
B,3,3,B33,4-Jun,1,12,7,138,A,0.5,5,0,0,0,8.14325,0.542883333,1
B,3,4,B34,27-May,1,12,1,139,A,0.5,5,0,0,0,8.166083333,0.544405556,1
B,3,4,B34,30-May,1,12,4,139,A,0.5,10,0,0,0,4.3676,0.291173333,1
B,3,4,B34,2-Jun,1,12,7,139,A,0.5,1,0,0,0,4.0371,0.26914,1
C,1,1,C11,30-May,1,12,1,140,A,0.5,15,0,0,0,2.14835,0.143223333,1
C,1,1,C11,2-Jun,1,12,4,140,A,0.5,3,0,0,0,0.633966667,0.042264444,1
C,1,1,C11,5-Jun,1,12,7,140,A,0.5,3,0,0,0,1.42555,0.095036667,1
C,1,3,C13,29-May,1,12,1,141,A,0.5,8,0,0,0,1.536083333,0.102405556,1
C,1,3,C13,1-Jun,1,12,4,141,A,0.5,5,0,0,0,1.602233333,0.106815556,1
C,1,3,C13,4-Jun,1,12,7,141,A,0.5,3,0,0,0,0.850516667,0.056701111,1
C,2,1,C21,25-May,1,12,1,142,A,0.5,5,0,3,6,5.115733333,0.341048889,1
C,2,1,C21,28-May,1,12,4,142,A,0.5,24,0,0,0,8.875233333,0.591682222,1
C,2,1,C21,31-May,1,12,7,142,A,0.5,5,0,0,0,3.475383333,0.231692222,1
D,1,3,D13,23-May,1,12,1,143,A,0.5,18,0,0,0,8.877816667,0.591854444,1
D,1,3,D13,26-May,1,12,4,143,A,0.5,3,0,0,0,3.746466667,0.249764444,1
D,1,3,D13,29-May,1,12,7,143,A,0.5,6,0,0,0,4.076833333,0.271788889,1
D,2,5,D25,24-May,1,12,1,144,A,0.5,1,0,0,0,0.988466667,0.065897778,1
D,2,5,D25,27-May,1,12,4,144,A,0.5,0,0,0,0,4.3957,0.293046667,1
D,2,5,D25,30-May,1,12,7,144,A,0.5,1,0,0,0,1.8124,0.120826667,1
A,1,2,A12,8-Jun,2,12,1,145,A,0.5,3,0,0,0,1.011166667,0.067411111,1
A,1,2,A12,11-Jun,2,12,4,145,A,0.5,5,0,0,1,2.500366667,0.166691111,1
A,1,2,A12,14-Jun,2,12,7,145,A,0.5,2,0,0,0,0.271733333,0.018115556,1
A,2,1,A21,12-Jun,2,12,1,146,A,0.5,NA,NA,NA,NA,NA,NA,1
A,2,1,A21,15-Jun,2,12,4,146,A,0.5,6,0,0,0,2.5589,0.170593333,1
A,2,1,A21,18-Jun,2,12,7,146,A,0.5,10,0,0,0,2.749866667,0.183324444,1
B,2,3,B23,13-Jun,2,12,1,147,A,0.5,2,0,0,0,0.53915,0.035943333,1
B,2,3,B23,16-Jun,2,12,4,147,A,0.5,0,0,0,0,0.277766667,0.018517778,1
B,2,3,B23,19-Jun,2,12,7,147,A,0.5,1,0,0,0,0.07855,0.005236667,1
B,3,3,B33,11-Jun,2,12,1,148,A,0.5,18,0,0,0,9.520016667,0.634667778,1
B,3,3,B33,14-Jun,2,12,4,148,A,0.5,9,0,0,0,2.438516667,0.162567778,1
B,3,3,B33,17-Jun,2,12,7,148,A,0.5,3,0,0,0,5.202466667,0.346831111,1
B,3,4,B34,9-Jun,2,12,1,149,A,0.5,4,0,0,1,4.416783333,0.294452222,1
B,3,4,B34,12-Jun,2,12,4,149,A,0.5,8,0,0,0,1.3131,0.08754,1
B,3,4,B34,15-Jun,2,12,7,149,A,0.5,5,0,0,0,4.727416667,0.315161111,1
C,1,1,C11,11-Jun,2,12,1,150,A,0.5,13,0,0,0,2.291233333,0.152748889,1
C,1,1,C11,14-Jun,2,12,4,150,A,0.5,4,0,0,0,0.430466667,0.028697778,1
C,1,1,C11,17-Jun,2,12,7,150,A,0.5,6,0,0,0,1.190616667,0.079374444,1
C,1,3,C13,10-Jun,2,12,1,151,A,0.5,4,0,0,0,0.615133333,0.041008889,1
C,1,3,C13,13-Jun,2,12,4,151,A,0.5,8,0,0,0,1.432316667,0.095487778,1
C,1,3,C13,16-Jun,2,12,7,151,A,0.5,2,0,0,0,0.271733333,0.018115556,1
C,2,1,C21,6-Jun,2,12,1,152,A,0.5,2,0,0,0,2.4864,0.16576,1
C,2,1,C21,9-Jun,2,12,4,152,A,0.5,4,0,0,0,3.927233333,0.261815556,1
C,2,1,C21,12-Jun,2,12,7,152,A,0.5,11,1,0,0,5.39225,0.359483333,1
D,1,3,D13,3-Jun,2,12,1,153,A,0.5,11,0,0,0,5.0741,0.338273333,1
D,1,3,D13,6-Jun,2,12,4,153,A,0.5,9,0,0,0,3.8906,0.259373333,1
D,1,3,D13,9-Jun,2,12,7,153,A,0.5,8,0,0,0,5.259716667,0.350647778,1
D,1,3,D13,14-Jun,2,12,1,154,A,0.5,21,0,0,0,7.1154,0.47436,1
D,1,3,D13,17-Jun,2,12,4,154,A,0.5,12,0,0,0,11.49443333,0.766295556,1
D,1,3,D13,20-Jun,2,12,7,154,A,0.5,18,0,0,0,9.10375,0.606916667,1
D,2,5,D25,5-Jun,2,12,1,155,A,0.5,3,0,0,0,2.970183333,0.198012222,1
D,2,5,D25,8-Jun,2,12,4,155,A,0.5,2,0,0,0,2.1453,0.14302,1
D,2,5,D25,11-Jun,2,12,7,155,A,0.5,0,0,0,0,1.463666667,0.097577778,1
